job_id,architecture_id,hyperparam_id,dataset,well,window_size,status,created_at,started_at,finished_at,smape,mae,notes,output_notebook_path,log_path,results_path
baba731c-d2fe-462d-b642-dec791881f5a,Model1_1xConv,hp_small_fast,VOLVE,15/9-F-14,7,completed,,2025-06-18 15:19:35.517382,2025-06-18 15:28:36.383243,,,,,,
46b1b239-bc5d-4f72-b36c-be62d5b85942,Model1_1xConv,hp_small_fast,VOLVE,15/9-F-12,7,completed,,2025-06-18 15:19:37.537097,2025-06-18 15:28:58.442278,,,,,,
73f9cd6b-506d-4f39-93b9-2f8259f325c4,Model1_1xConv,hp_small_fast,VOLVE,15/9-F-11,7,completed,,2025-06-18 15:19:39.555207,2025-06-18 15:22:55.981380,,,,,,
f172e874-7918-42e6-990b-0a8c883610f4,Model1_1xConv,hp_small_fast,VOLVE,15/9-F-15 D,7,completed,,2025-06-18 15:19:41.574162,2025-06-18 15:21:45.878335,,,,,,
8c5e0bb9-2c56-487f-aa42-4dd813efa795,Model1_1xConv,hp_small_fast,UNISIM_IV,P16,7,completed,,2025-06-18 15:19:43.594169,2025-06-18 15:25:14.151312,,,,,,
61b25430-8a8d-4974-bd2a-226571a49616,Model1_1xConv,hp_small_fast,UNISIM,Prod-1,7,completed,,2025-06-18 15:19:45.614179,2025-06-18 15:29:30.503743,,,,,,
630e1301-7775-461e-8bc6-d85540e25956,Model1_1xConv,hp_small_fast,UNISIM,Prod-2,7,completed,,2025-06-18 15:19:47.635193,2025-06-18 15:30:52.649352,,,,,,
cf943a93-6cf1-40c2-8336-e0817d0e5d43,Model1_1xConv,hp_small_fast,UNISIM,Prod-3,7,completed,,2025-06-18 15:19:49.655184,2025-06-18 15:29:50.555241,,,,,,
071a466b-500f-456a-a0e4-11acb30f5080,Model1_1xConv,hp_small_fast,UNISIM,Prod-4,7,completed,,2025-06-18 15:19:51.677241,2025-06-18 15:34:30.926264,,,,,,
d90ee799-b617-4210-8e4f-4f40125ae7d8,Model1_1xConv,hp_small_fast,UNISIM,Prod-5,7,completed,,2025-06-18 15:19:53.700271,2025-06-18 15:34:38.964345,,,,,,
aba91bd3-c4c6-4594-8e4f-300c17098a7c,Model1_1xConv,hp_small_fast,UNISIM,Prod-6,7,completed,,2025-06-18 15:19:55.725204,2025-06-18 15:34:38.970880,,,,,,
33fd7442-4e66-4bb4-a908-e3e34f488e5d,Model1_1xConv,hp_small_fast,UNISIM,Prod-7,7,completed,,2025-06-18 15:19:57.747208,2025-06-18 15:33:02.809322,,,,,,
1501d176-e9f3-44ca-bcf5-ea395ec4a49f,Model1_1xConv,hp_small_fast,UNISIM,Prod-8,7,completed,,2025-06-18 15:21:47.887148,2025-06-18 15:36:13.113338,,,,,,
4a920696-d361-46ea-9669-f04670063b59,Model1_1xConv,hp_small_fast,UNISIM,Prod-9,7,completed,,2025-06-18 15:22:57.990147,2025-06-18 15:37:19.272297,,,,,,
04291a9f-5b49-4b1c-a2e9-51527e3cbeb8,Model1_1xConv,hp_small_fast,UNISIM,Prod-10,7,completed,,2025-06-18 15:25:16.159230,2025-06-18 15:39:47.484301,,,,,,
e90abbc3-d948-4f57-9f65-ef0d8b06d613,Model1_1xConv,hp_small_fast,OPSD,solar,7,completed,,2025-06-18 15:28:38.391183,2025-06-18 15:42:47.769903,,,,,,
d870b7f7-c0d3-4395-9b4a-0f3ab50b8194,Model1_1xConv,hp_small_fast,OPSD,wind,7,completed,,2025-06-18 15:29:00.450123,2025-06-18 15:43:09.825288,,,,,,
09cd8710-8cae-48c9-bfc6-ab2347e17f66,Model1_1xConv,hp_small_fast,OPSD,load,7,completed,,2025-06-18 15:29:32.512175,2025-06-18 15:43:43.892216,,,,,,
e0569764-9abf-43e6-b234-daad038e29ca,Model1_1xConv,hp_medium_balanced,VOLVE,15/9-F-14,7,completed,,2025-06-18 15:29:52.563181,2025-06-18 15:38:49.394299,,,,,,
2d57aada-e371-4144-852a-2e93d4725461,Model1_1xConv,hp_medium_balanced,VOLVE,15/9-F-12,7,completed,,2025-06-18 15:30:54.657161,2025-06-18 15:40:17.586291,,,,,,
40262c0c-f37f-4cac-acba-9354756bf076,Model1_1xConv,hp_medium_balanced,VOLVE,15/9-F-11,7,completed,,2025-06-18 15:33:04.817244,2025-06-18 15:36:35.167345,,,,,,
c766e6c2-6c89-4948-a014-c7621860f0ee,Model1_1xConv,hp_medium_balanced,VOLVE,15/9-F-15 D,7,completed,,2025-06-18 15:34:32.934240,2025-06-18 15:36:41.205316,,,,,,
f1531a68-c39d-465f-adef-9721c31082f9,Model1_1xConv,hp_medium_balanced,UNISIM_IV,P16,7,completed,,2025-06-18 15:34:40.976170,2025-06-18 15:40:11.542296,,,,,,
61671329-673e-4ca0-b69d-12dae62c15ac,Model1_1xConv,hp_medium_balanced,UNISIM,Prod-1,7,completed,,2025-06-18 15:34:43.000194,2025-06-18 15:44:23.965284,,,,,,
01050be9-5e27-4e37-ad68-400dd9cc7342,Model1_1xConv,hp_medium_balanced,UNISIM,Prod-2,7,completed,,2025-06-18 15:36:15.122126,2025-06-18 15:47:18.203272,,,,,,
c03fcb7a-84d3-45c2-8520-1de0970b1a39,Model1_1xConv,hp_medium_balanced,UNISIM,Prod-3,7,completed,,2025-06-18 15:36:37.176119,2025-06-18 15:46:36.129311,,,,,,
f5692814-9bfc-4365-9e56-a9acd4ece59c,Model1_1xConv,hp_medium_balanced,UNISIM,Prod-4,7,completed,,2025-06-18 15:36:43.213117,2025-06-18 15:51:30.487330,,,,,,
d63c9651-b221-4e91-b4e2-330622fde394,Model1_1xConv,hp_medium_balanced,UNISIM,Prod-5,7,completed,,2025-06-18 15:37:21.281182,2025-06-18 15:52:08.559217,,,,,,
23f8473f-6638-4d8d-80a1-6da20a34aa1e,Model1_1xConv,hp_medium_balanced,UNISIM,Prod-6,7,completed,,2025-06-18 15:38:51.402641,2025-06-18 15:53:42.715412,,,,,,
86e45d89-f4cd-4323-8923-44883141d06d,Model1_1xConv,hp_medium_balanced,UNISIM,Prod-7,7,completed,,2025-06-18 15:39:49.493206,2025-06-18 15:52:54.635310,,,,,,
d9045104-683c-4d76-b33d-b6da4e8c259c,Model1_1xConv,hp_medium_balanced,UNISIM,Prod-8,7,completed,,2025-06-18 15:40:13.550178,2025-06-18 15:54:46.844362,,,,,,
8dda45f0-8920-45a6-ab79-0d78f24951ac,Model1_1xConv,hp_medium_balanced,UNISIM,Prod-9,7,completed,,2025-06-18 15:40:19.595225,2025-06-18 15:54:50.908239,,,,,,
071d418c-a244-4d82-8db6-a2f02414b021,Model1_1xConv,hp_medium_balanced,UNISIM,Prod-10,7,completed,,2025-06-18 15:42:49.779120,2025-06-18 15:57:27.193268,,,,,,
718abf41-ac31-40d5-9c97-353f3b190b00,Model1_1xConv,hp_medium_balanced,OPSD,solar,7,completed,,2025-06-18 15:43:11.834130,2025-06-18 15:57:31.228388,,,,,,
56d85820-269a-4505-bf5e-4b981c5dcfc2,Model1_1xConv,hp_medium_balanced,OPSD,wind,7,completed,,2025-06-18 15:43:45.901167,2025-06-18 15:58:01.289342,,,,,,
cb5448e5-e76f-4efd-9ed8-2754732939cf,Model1_1xConv,hp_medium_balanced,OPSD,load,7,completed,,2025-06-18 15:44:25.974199,2025-06-18 15:58:49.405513,,,,,,
5d7f01ab-5852-4b52-afb6-a2b94a1146c5,Model1_1xConv,hp_large_robust,VOLVE,15/9-F-14,7,completed,,2025-06-18 15:46:38.137213,2025-06-18 15:55:41.021328,,,,,,
cd9d98b0-20c9-4c15-98eb-e3667a997475,Model1_1xConv,hp_large_robust,VOLVE,15/9-F-12,7,completed,,2025-06-18 15:47:20.212261,2025-06-18 15:56:55.130330,,,,,,
8dac10c6-dddf-4422-8d73-cf3429e5f4dd,Model1_1xConv,hp_large_robust,VOLVE,15/9-F-11,7,completed,,2025-06-18 15:51:32.496137,2025-06-18 15:54:54.943466,,,,,,
e6f50ebd-a247-41a0-b430-e077a96aca9e,Model1_1xConv,hp_large_robust,VOLVE,15/9-F-15 D,7,completed,,2025-06-18 15:52:10.567142,2025-06-18 15:54:20.785371,,,,,,
33f7e6d4-3f62-4127-8603-9116789b723d,Model1_1xConv,hp_large_robust,UNISIM_IV,P16,7,completed,,2025-06-18 15:52:56.644426,2025-06-18 15:58:33.356375,,,,,,
440947a2-76ef-4e49-90d4-167fb4aa5a51,Model1_1xConv,hp_large_robust,UNISIM,Prod-1,7,completed,,2025-06-18 15:53:44.723267,2025-06-18 16:03:33.720248,,,,,,
b75e8553-ec0f-48b7-a837-91a467da386e,Model1_1xConv,hp_large_robust,UNISIM,Prod-2,7,completed,,2025-06-18 15:54:22.794163,2025-06-18 16:05:35.921309,,,,,,
90f1dc82-5b9d-4c66-9fb2-aefe1e1b9898,Model1_1xConv,hp_large_robust,UNISIM,Prod-3,7,completed,,2025-06-18 15:54:48.853366,2025-06-18 16:04:55.834269,,,,,,
0682b921-6fd8-4c0f-bf96-4ad0cd4aefeb,Model1_1xConv,hp_large_robust,UNISIM,Prod-4,7,completed,,2025-06-18 15:54:52.916202,2025-06-18 16:09:44.203322,,,,,,
3b0a3e31-5153-445a-8a45-71d7739008d5,Model1_1xConv,hp_large_robust,UNISIM,Prod-5,7,completed,,2025-06-18 15:54:56.952185,2025-06-18 16:09:56.246281,,,,,,
97d2bc0a-5629-4a18-bc26-6c243ade12b1,Model1_1xConv,hp_large_robust,UNISIM,Prod-6,7,completed,,2025-06-18 15:55:43.030185,2025-06-18 16:10:44.359264,,,,,,
51b7eb52-868a-471f-84ec-82ec96d490f3,Model1_1xConv,hp_large_robust,UNISIM,Prod-7,7,completed,,2025-06-18 15:56:57.139175,2025-06-18 16:10:08.290262,,,,,,
a9b85981-a19a-4c9a-b502-ef5123874607,Model1_1xConv,hp_large_robust,UNISIM,Prod-8,7,completed,,2025-06-18 15:57:29.202161,2025-06-18 16:12:06.474296,,,,,,
98b010b7-581a-4523-8f09-a7512c4c68b8,Model1_1xConv,hp_large_robust,UNISIM,Prod-9,7,completed,,2025-06-18 15:57:33.237188,2025-06-18 16:12:12.538400,,,,,,
b48b87a2-0e85-413e-97a1-0ea996d91c6e,Model1_1xConv,hp_large_robust,UNISIM,Prod-10,7,completed,,2025-06-18 15:58:03.298377,2025-06-18 16:12:50.607223,,,,,,
29a63b41-c77c-40ff-9153-bbc520097074,Model1_1xConv,hp_large_robust,OPSD,solar,7,completed,,2025-06-18 15:58:35.365207,2025-06-18 16:13:00.650321,,,,,,
3f33c629-af5c-4912-a627-18bfa1a24ec2,Model1_1xConv,hp_large_robust,OPSD,wind,7,completed,,2025-06-18 15:58:51.414227,2025-06-18 16:13:16.782284,,,,,,
aaec053e-6edb-4cad-ac93-6f27145c04e5,Model1_1xConv,hp_large_robust,OPSD,load,7,completed,,2025-06-18 16:03:35.728328,2025-06-18 16:17:53.185466,,,,,,
1d2a2768-db78-4292-845c-f3bb17483a2c,Model1_1xConv,hp_stable_regularized,VOLVE,15/9-F-14,7,completed,,2025-06-18 16:04:57.843189,2025-06-18 16:13:56.853343,,,,,,
980e22a8-e351-4918-8813-405aeaeb3e2b,Model1_1xConv,hp_stable_regularized,VOLVE,15/9-F-12,7,completed,,2025-06-18 16:05:37.930531,2025-06-18 16:15:00.949330,,,,,,
c3b9b492-4fe6-4446-84b8-72d14d1a1f59,Model1_1xConv,hp_stable_regularized,VOLVE,15/9-F-11,7,completed,,2025-06-18 16:09:46.212167,2025-06-18 16:13:06.739276,,,,,,
acb39a11-2250-4d13-92b2-73f622dad7d1,Model1_1xConv,hp_stable_regularized,VOLVE,15/9-F-15 D,7,completed,,2025-06-18 16:09:58.255168,2025-06-18 16:12:06.481332,,,,,,
7564ab4d-a6d3-4f0c-a05f-7ef4c4e67e33,Model1_1xConv,hp_stable_regularized,UNISIM_IV,P16,7,completed,,2025-06-18 16:10:10.299212,2025-06-18 16:15:41.022328,,,,,,
d49c8138-b341-4c2b-94c3-f9d39950ab07,Model1_1xConv,hp_stable_regularized,UNISIM,Prod-1,7,completed,,2025-06-18 16:10:46.368169,2025-06-18 16:20:21.366292,,,,,,
65f1b212-10fc-4cd5-8698-286a70cda020,Model1_1xConv,hp_stable_regularized,UNISIM,Prod-2,7,completed,,2025-06-18 16:12:08.487297,2025-06-18 16:23:09.595250,,,,,,
20ae0340-a228-4b42-ab35-b969a8a6613b,Model1_1xConv,hp_stable_regularized,UNISIM,Prod-3,7,completed,,2025-06-18 16:12:10.512326,2025-06-18 16:22:03.497289,,,,,,
5724f226-9f2a-4b55-83ab-f82a14783cb3,Model1_1xConv,hp_stable_regularized,UNISIM,Prod-4,7,completed,,2025-06-18 16:12:14.547167,2025-06-18 16:26:55.886290,,,,,,
f57abc46-cb61-4cec-86cf-a4dc970999ba,Model1_1xConv,hp_stable_regularized,UNISIM,Prod-5,7,completed,,2025-06-18 16:12:52.615254,2025-06-18 16:27:41.963403,,,,,,
0db566a0-a679-422e-8d5e-c30964ea8a04,Model1_1xConv,hp_stable_regularized,UNISIM,Prod-6,7,completed,,2025-06-18 16:13:02.710209,2025-06-18 16:27:45.996291,,,,,,
c88e1d9e-fbfc-4493-a3a0-18719199b94c,Model1_1xConv,hp_stable_regularized,UNISIM,Prod-7,7,completed,,2025-06-18 16:13:08.748187,2025-06-18 16:26:05.804241,,,,,,
796818c0-0011-4494-935c-c92ea203311a,Model1_1xConv,hp_stable_regularized,UNISIM,Prod-8,7,completed,,2025-06-18 16:13:18.791169,2025-06-18 16:27:46.003790,,,,,,
5f68742a-9aed-4a26-8895-186b2779023d,Model1_1xConv,hp_stable_regularized,UNISIM,Prod-9,7,completed,,2025-06-18 16:13:58.862187,2025-06-18 16:28:24.096302,,,,,,
fe9185cd-b863-4cdd-b041-1eaae77fefe7,Model1_1xConv,hp_stable_regularized,UNISIM,Prod-10,7,completed,,2025-06-18 16:15:02.958202,2025-06-18 16:29:38.273308,,,,,,
f187b76e-89e8-4918-bff4-6dddb9e5ce20,Model1_1xConv,hp_stable_regularized,OPSD,solar,7,completed,,2025-06-18 16:15:43.031185,2025-06-18 16:29:56.323605,,,,,,
017569c8-962e-4437-9b13-a2b63b6785c4,Model1_1xConv,hp_stable_regularized,OPSD,wind,7,completed,,2025-06-18 16:17:55.195116,2025-06-18 16:32:16.528315,,,,,,
c0b2288a-aaab-48e5-96b5-c189a95ab232,Model1_1xConv,hp_stable_regularized,OPSD,load,7,completed,,2025-06-18 16:20:23.374375,2025-06-18 16:34:48.780292,,,,,,
07d9e359-0c69-414f-be4b-e32a78f99bdb,Model1_1xConv,hp_wide_and_shallow,VOLVE,15/9-F-14,7,completed,,2025-06-18 16:22:05.506209,2025-06-18 16:31:16.435347,,,,,,
c6e61573-2cd3-4b3f-ac40-4761fd74fd3a,Model1_1xConv,hp_wide_and_shallow,VOLVE,15/9-F-12,7,completed,,2025-06-18 16:23:11.604136,2025-06-18 16:32:50.596324,,,,,,
b4d22855-e38a-499b-b590-c995cb339af5,Model1_1xConv,hp_wide_and_shallow,VOLVE,15/9-F-11,7,completed,,2025-06-18 16:26:07.813174,2025-06-18 16:29:34.234285,,,,,,
b857ac05-0d77-41e7-aed7-1fd1781c8620,Model1_1xConv,hp_wide_and_shallow,VOLVE,15/9-F-15 D,7,completed,,2025-06-18 16:26:57.894249,2025-06-18 16:29:10.175306,,,,,,
156e9053-269c-4ab5-ac73-9f416bc6ba8a,Model1_1xConv,hp_wide_and_shallow,UNISIM_IV,P16,7,completed,,2025-06-18 16:27:43.972179,2025-06-18 16:33:22.662217,,,,,,
c70ba908-5dc3-4cef-b376-2de6b765ec1c,Model1_1xConv,hp_wide_and_shallow,UNISIM,Prod-1,7,completed,,2025-06-18 16:27:48.011177,2025-06-18 16:37:44.988334,,,,,,
a93af085-c416-47a6-b2f3-014d7d6701e2,Model1_1xConv,hp_wide_and_shallow,UNISIM,Prod-2,7,completed,,2025-06-18 16:27:50.036297,2025-06-18 16:39:13.144276,,,,,,
ebacd339-3b1d-4ec1-abad-b3add5fc805b,Model1_1xConv,hp_wide_and_shallow,UNISIM,Prod-3,7,completed,,2025-06-18 16:28:26.106139,2025-06-18 16:38:41.077254,,,,,,
cc2462bf-8b63-41e7-929f-89d8d0d1c794,Model1_1xConv,hp_wide_and_shallow,UNISIM,Prod-4,7,completed,,2025-06-18 16:29:12.186246,2025-06-18 16:44:15.508283,,,,,,
673fecdb-e74f-4458-9ce2-9d1354c88734,Model1_1xConv,hp_wide_and_shallow,UNISIM,Prod-5,7,completed,,2025-06-18 16:29:36.243193,2025-06-18 16:44:39.566315,,,,,,
37fe7ba3-beba-48c2-a9bb-d6f451da1039,Model1_1xConv,hp_wide_and_shallow,UNISIM,Prod-6,7,completed,,2025-06-18 16:29:40.283124,2025-06-18 16:44:47.606246,,,,,,
5b549f0b-e3ef-45fd-922f-55bc9ff32155,Model1_1xConv,hp_wide_and_shallow,UNISIM,Prod-7,7,completed,,2025-06-18 16:29:58.331145,2025-06-18 16:43:17.419705,,,,,,
540aec62-9796-47e5-9afa-450b87451c36,Model1_1xConv,hp_wide_and_shallow,UNISIM,Prod-8,7,completed,,2025-06-18 16:31:18.444188,2025-06-18 16:46:09.719299,,,,,,
1b76e61f-5b99-4d71-91e5-a4dcb234292f,Model1_1xConv,hp_wide_and_shallow,UNISIM,Prod-9,7,completed,,2025-06-18 16:32:18.537230,2025-06-18 16:47:05.872335,,,,,,
c7051014-71bc-4326-a935-642dc99f5f30,Model1_1xConv,hp_wide_and_shallow,UNISIM,Prod-10,7,completed,,2025-06-18 16:32:52.606202,2025-06-18 16:47:47.944321,,,,,,
fe0942a0-a8ad-46c9-ac83-e3d379687de3,Model1_1xConv,hp_wide_and_shallow,OPSD,solar,7,completed,,2025-06-18 16:33:24.670153,2025-06-18 16:48:01.992206,,,,,,
a02c2fa9-0504-4bdf-b74b-60ef772b9ca7,Model1_1xConv,hp_wide_and_shallow,OPSD,wind,7,completed,,2025-06-18 16:34:50.789140,2025-06-18 16:49:26.169297,,,,,,
a0746763-42e1-471f-8ffe-c8aaceccdd63,Model1_1xConv,hp_wide_and_shallow,OPSD,load,7,completed,,2025-06-18 16:37:46.997212,2025-06-18 16:52:18.407272,,,,,,
a9a64fb3-c3ae-436f-a770-0d29878feab6,Model2_2xConv,hp_small_fast,VOLVE,15/9-F-14,7,completed,,2025-06-18 16:38:43.087140,2025-06-18 16:48:01.998909,,,,,,
61f314c2-54f4-4ecd-b62b-b2c80852503d,Model2_2xConv,hp_small_fast,VOLVE,15/9-F-12,7,completed,,2025-06-18 16:39:15.153125,2025-06-18 16:48:56.109264,,,,,,
e8203442-808a-415e-bf54-73be7a01e57c,Model2_2xConv,hp_small_fast,VOLVE,15/9-F-11,7,completed,,2025-06-18 16:43:19.428127,2025-06-18 16:46:47.820389,,,,,,
2e2270ce-bca8-486c-9a66-c639ba3049c6,Model2_2xConv,hp_small_fast,VOLVE,15/9-F-15 D,7,completed,,2025-06-18 16:44:17.516182,2025-06-18 16:46:31.772354,,,,,,
1df4c664-2ab8-48a7-b03b-4f8147315873,Model2_2xConv,hp_small_fast,UNISIM_IV,P16,7,completed,,2025-06-18 16:44:41.575226,2025-06-18 16:50:20.257222,,,,,,
44f62584-6d16-4b53-89ba-713ee00b35fd,Model2_2xConv,hp_small_fast,UNISIM,Prod-1,7,completed,,2025-06-18 16:44:49.615188,2025-06-18 16:54:42.583357,,,,,,
0ef29b06-2592-4ec6-a9e8-2240208fe7cd,Model2_2xConv,hp_small_fast,UNISIM,Prod-2,7,completed,,2025-06-18 16:46:11.728200,2025-06-18 16:57:30.817287,,,,,,
07e3a83c-5ecd-4dd8-912e-f24c634618aa,Model2_2xConv,hp_small_fast,UNISIM,Prod-3,7,completed,,2025-06-18 16:46:33.781352,2025-06-18 16:56:46.742324,,,,,,
34af9bf4-96f5-4ad9-b756-146329f39379,Model2_2xConv,hp_small_fast,UNISIM,Prod-4,7,completed,,2025-06-18 16:46:49.830422,2025-06-18 17:01:51.142250,,,,,,
6c3b37fa-e41e-403b-afb8-fcc31b66294a,Model2_2xConv,hp_small_fast,UNISIM,Prod-5,7,completed,,2025-06-18 16:47:07.881203,2025-06-18 17:02:11.194292,,,,,,
c638ba6c-e721-4cca-b914-3c4473d24cde,Model2_2xConv,hp_small_fast,UNISIM,Prod-6,7,completed,,2025-06-18 16:47:49.954210,2025-06-18 17:02:55.270273,,,,,,
7c04e066-b60d-4c4e-8f21-01ede843584c,Model2_2xConv,hp_small_fast,UNISIM,Prod-7,7,completed,,2025-06-18 16:48:04.006182,2025-06-18 17:01:25.084332,,,,,,
9fd41573-c8b1-4386-af34-121be1c52dd3,Model2_2xConv,hp_small_fast,UNISIM,Prod-8,7,completed,,2025-06-18 16:48:06.033359,2025-06-18 17:02:55.278205,,,,,,
30fa4973-45a8-4e22-a7e3-d82d15603f97,Model2_2xConv,hp_small_fast,UNISIM,Prod-9,7,completed,,2025-06-18 16:48:58.118252,2025-06-18 17:03:45.384264,,,,,,
616b6609-b432-4af0-9052-93223363bc0f,Model2_2xConv,hp_small_fast,UNISIM,Prod-10,7,completed,,2025-06-18 16:49:28.178387,2025-06-18 17:04:27.493311,,,,,,
4b1ac287-1d85-4ede-93aa-1ffae618fc5d,Model2_2xConv,hp_small_fast,OPSD,solar,7,completed,,2025-06-18 16:50:22.266225,2025-06-18 17:04:57.560308,,,,,,
c501d841-c526-4c19-9a78-d96b9e09a368,Model2_2xConv,hp_small_fast,OPSD,wind,7,completed,,2025-06-18 16:52:20.417153,2025-06-18 17:07:01.779275,,,,,,
c96c8d13-4185-4c47-9c16-21d17c36338d,Model2_2xConv,hp_small_fast,OPSD,load,7,completed,,2025-06-18 16:54:44.593217,2025-06-18 17:09:24.020312,,,,,,
dd7e3507-53fa-4e7c-8658-8b126652f65e,Model2_2xConv,hp_medium_balanced,VOLVE,15/9-F-14,7,completed,,2025-06-18 16:56:48.750135,2025-06-18 17:06:11.696349,,,,,,
1a10c855-30fb-4e1b-a1b2-82a22b3ec11a,Model2_2xConv,hp_medium_balanced,VOLVE,15/9-F-12,7,completed,,2025-06-18 16:57:32.826243,2025-06-18 17:07:21.833279,,,,,,
afdc3992-07c1-4c5e-926d-77e40e30079f,Model2_2xConv,hp_medium_balanced,VOLVE,15/9-F-11,7,completed,,2025-06-18 17:01:27.093142,2025-06-18 17:04:57.566995,,,,,,
3d4c1241-f27e-48f2-8952-95b3639abac5,Model2_2xConv,hp_medium_balanced,VOLVE,15/9-F-15 D,7,completed,,2025-06-18 17:01:53.151142,2025-06-18 17:04:07.437352,,,,,,
e4db38b4-7862-4b13-9dff-19a9f5c1da7b,Model2_2xConv,hp_medium_balanced,UNISIM_IV,P16,7,completed,,2025-06-18 17:02:13.203210,2025-06-18 17:07:55.898301,,,,,,
a6fff259-3edd-4949-9c70-7dc4f56b61f0,Model2_2xConv,hp_medium_balanced,UNISIM,Prod-1,7,completed,,2025-06-18 17:02:57.285218,2025-06-18 17:13:02.273389,,,,,,
c7dd493a-1f29-4c86-b940-3e83949ef9c0,Model2_2xConv,hp_medium_balanced,UNISIM,Prod-2,7,completed,,2025-06-18 17:02:59.312330,2025-06-18 17:14:32.428257,,,,,,
1d278fbe-c892-4be6-8a5d-83333423fe5a,Model2_2xConv,hp_medium_balanced,UNISIM,Prod-3,7,completed,,2025-06-18 17:03:47.392163,2025-06-18 17:14:12.374353,,,,,,
e5aae920-1d72-4ccd-8569-541154d12dba,Model2_2xConv,hp_medium_balanced,UNISIM,Prod-4,7,completed,,2025-06-18 17:04:09.446225,2025-06-18 17:19:52.819277,,,,,,
22a44a7d-628f-41cf-96fa-0fcf46bf1d5a,Model2_2xConv,hp_medium_balanced,UNISIM,Prod-5,7,completed,,2025-06-18 17:04:29.502156,2025-06-18 17:20:20.883520,,,,,,
5549521a-d2b2-44b3-9166-858a22d54a8a,Model2_2xConv,hp_medium_balanced,UNISIM,Prod-6,7,completed,,2025-06-18 17:04:59.573156,2025-06-18 17:20:52.955425,,,,,,
313798db-0768-4532-ab6b-d6aa06808e56,Model2_2xConv,hp_medium_balanced,UNISIM,Prod-7,7,completed,,2025-06-18 17:05:01.598194,2025-06-18 17:18:54.725251,,,,,,
ecb61e4c-a362-40f1-b320-e56b26a2ba7d,Model2_2xConv,hp_medium_balanced,UNISIM,Prod-8,7,completed,,2025-06-18 17:06:13.705175,2025-06-18 17:22:07.068393,,,,,,
35e055e8-3050-4074-b3ef-f60d4427c4bd,Model2_2xConv,hp_medium_balanced,UNISIM,Prod-9,7,completed,,2025-06-18 17:07:03.788175,2025-06-18 17:23:03.158441,,,,,,
afe536cb-f66d-4658-a345-4c2bf54ba168,Model2_2xConv,hp_medium_balanced,UNISIM,Prod-10,7,completed,,2025-06-18 17:07:23.842289,2025-06-18 17:23:47.289270,,,,,,
271106d9-b403-49ec-8476-629a543521e9,Model2_2xConv,hp_medium_balanced,OPSD,solar,7,completed,,2025-06-18 17:07:57.907206,2025-06-18 17:23:57.389692,,,,,,
4f9726a2-3c05-4c7b-b752-f962a93415f3,Model2_2xConv,hp_medium_balanced,OPSD,wind,7,completed,,2025-06-18 17:09:26.031214,2025-06-18 17:26:25.574244,,,,,,
875318d2-a19e-4fb9-b37d-ad5dfb6bbeff,Model2_2xConv,hp_medium_balanced,OPSD,load,7,completed,,2025-06-18 17:13:04.283178,2025-06-18 17:31:26.076667,,,,,,
2a1d6059-111d-400b-af6c-e6a42fded13f,Model2_2xConv,hp_large_robust,VOLVE,15/9-F-14,7,completed,,2025-06-18 17:14:14.383216,2025-06-18 17:26:55.655353,,,,,,
2d3538d9-3344-4f38-bff7-cfcdc37472d0,Model2_2xConv,hp_large_robust,VOLVE,15/9-F-12,7,completed,,2025-06-18 17:14:34.437227,2025-06-18 17:28:07.776831,,,,,,
d1c23afd-a7c6-4264-bb54-d954d7b2d7f1,Model2_2xConv,hp_large_robust,VOLVE,15/9-F-11,7,completed,,2025-06-18 17:18:56.735207,2025-06-18 17:23:51.337488,,,,,,
9d857866-e8d3-40b3-89d0-b989cf4ee4e4,Model2_2xConv,hp_large_robust,VOLVE,15/9-F-15 D,7,completed,,2025-06-18 17:19:54.829262,2025-06-18 17:23:03.167353,,,,,,
0ce197df-869b-42b5-9c62-2c6b843de32b,Model2_2xConv,hp_large_robust,UNISIM_IV,P16,7,completed,,2025-06-18 17:20:22.895487,2025-06-18 17:29:21.903777,,,,,,
de9dbf88-ae6a-454f-97fb-f480eff2002e,Model2_2xConv,hp_large_robust,UNISIM,Prod-1,7,completed,,2025-06-18 17:20:54.966161,2025-06-18 17:37:40.501763,,,,,,
a696038b-f169-4258-ac3e-26d88cad6374,Model2_2xConv,hp_large_robust,UNISIM,Prod-2,7,completed,,2025-06-18 17:22:09.078119,2025-06-18 17:41:34.841323,,,,,,
49b7a09d-310e-4a2f-9ad0-f66d77edbf23,Model2_2xConv,hp_large_robust,UNISIM,Prod-3,7,completed,,2025-06-18 17:23:05.176157,2025-06-18 17:40:44.734366,,,,,,
4b0c6b67-e640-4c7a-9e40-8c11d1338f60,Model2_2xConv,hp_large_robust,UNISIM,Prod-4,7,completed,,2025-06-18 17:23:07.211499,2025-06-18 17:48:47.372274,,,,,,
5ea9aae0-2a90-4dfc-8348-b78bb718cc7c,Model2_2xConv,hp_large_robust,UNISIM,Prod-5,7,completed,,2025-06-18 17:23:49.300203,2025-06-18 17:49:33.459313,,,,,,
7f2686a2-a979-4653-804a-18a3413bac76,Model2_2xConv,hp_large_robust,UNISIM,Prod-6,7,completed,,2025-06-18 17:23:53.355542,2025-06-18 17:49:37.507595,,,,,,
d64ed3a7-8962-41cc-b47e-4d83065da3b7,Model2_2xConv,hp_large_robust,UNISIM,Prod-7,7,completed,,2025-06-18 17:23:59.403156,2025-06-18 17:47:17.235426,,,,,,
9ff95fe7-92e1-46ca-a33b-95bffff4def2,Model2_2xConv,hp_large_robust,UNISIM,Prod-8,7,completed,,2025-06-18 17:26:27.586517,2025-06-18 17:51:27.657321,,,,,,
804e7e5f-201f-44fe-b17b-38a873b3e05f,Model2_2xConv,hp_large_robust,UNISIM,Prod-9,7,completed,,2025-06-18 17:26:57.667271,2025-06-18 17:51:39.711268,,,,,,
59d95191-2481-41dd-96a2-fb292454bff0,Model2_2xConv,hp_large_robust,UNISIM,Prod-10,7,completed,,2025-06-18 17:28:09.788581,2025-06-18 17:52:53.905239,,,,,,
d67dce39-7175-4815-9f25-211c1d1998a0,Model2_2xConv,hp_large_robust,OPSD,solar,7,completed,,2025-06-18 17:29:23.916797,2025-06-18 17:53:17.965325,,,,,,
8d5a9cda-6513-4575-98c7-7ed44129c11f,Model2_2xConv,hp_large_robust,OPSD,wind,7,completed,,2025-06-18 17:31:28.089263,2025-06-18 17:54:48.160556,,,,,,
d5f6a09f-3ebf-4239-a943-505ee135c5e0,Model2_2xConv,hp_large_robust,OPSD,load,7,completed,,2025-06-18 17:37:42.514170,2025-06-18 17:58:54.481353,,,,,,
796c47d0-7464-44b6-9a0c-17f974ad3f9a,Model2_2xConv,hp_stable_regularized,VOLVE,15/9-F-14,7,completed,,2025-06-18 17:40:46.747377,2025-06-18 17:53:24.004277,,,,,,
6d56851e-5532-453f-b518-4c0f6e9dc3ec,Model2_2xConv,hp_stable_regularized,VOLVE,15/9-F-12,7,completed,,2025-06-18 17:41:36.852190,2025-06-18 17:54:34.108289,,,,,,
7fb46bc0-d453-4506-ba9a-c422e12d71d6,Model2_2xConv,hp_stable_regularized,VOLVE,15/9-F-11,7,completed,,2025-06-18 17:47:19.247497,2025-06-18 17:51:55.806246,,,,,,
e9bc8fed-4314-49a3-b718-e656f2f6d6cb,Model2_2xConv,hp_stable_regularized,VOLVE,15/9-F-15 D,7,completed,,2025-06-18 17:48:49.383441,2025-06-18 17:51:43.755511,,,,,,
35e4b335-3ce3-41fa-a070-e14ffa22945c,Model2_2xConv,hp_stable_regularized,UNISIM_IV,P16,7,completed,,2025-06-18 17:49:35.469367,2025-06-18 17:56:08.277281,,,,,,
a98a576c-5bc2-4eb8-89f6-94a022bb5015,Model2_2xConv,hp_stable_regularized,UNISIM,Prod-1,7,completed,,2025-06-18 17:49:39.518953,2025-06-18 18:00:48.628333,,,,,,
38322082-1545-4364-b058-879b25c10959,Model2_2xConv,hp_stable_regularized,UNISIM,Prod-2,7,completed,,2025-06-18 17:51:29.669389,2025-06-18 18:03:52.882333,,,,,,
8f83f06d-4fe4-4e4c-aba8-dd789949dab7,Model2_2xConv,hp_stable_regularized,UNISIM,Prod-3,7,completed,,2025-06-18 17:51:41.722237,2025-06-18 18:02:50.786306,,,,,,
138217c6-1eaa-4b92-982a-2a98d6627f0c,Model2_2xConv,hp_stable_regularized,UNISIM,Prod-4,7,completed,,2025-06-18 17:51:45.766267,2025-06-18 18:09:03.276545,,,,,,
3e58a1e0-4303-4677-a09d-77fb8d8d1468,Model2_2xConv,hp_stable_regularized,UNISIM,Prod-5,7,completed,,2025-06-18 17:51:57.816920,2025-06-18 18:09:15.335397,,,,,,
203acfc3-6f2c-42a1-afbc-2a93f5713395,Model2_2xConv,hp_stable_regularized,UNISIM,Prod-6,7,completed,,2025-06-18 17:52:55.914236,2025-06-18 18:10:43.479614,,,,,,
795f5f51-324b-4fd1-93bf-223dec732809,Model2_2xConv,hp_stable_regularized,UNISIM,Prod-7,7,completed,,2025-06-18 17:53:19.975136,2025-06-18 18:08:23.189307,,,,,,
32e6b5ef-e9e7-4420-a8cb-3c6fa9338cf5,Model2_2xConv,hp_stable_regularized,UNISIM,Prod-8,7,completed,,2025-06-18 17:53:26.014135,2025-06-18 18:10:59.544436,,,,,,
4d57379e-ccc5-40d7-b8db-9a67b9f628ee,Model2_2xConv,hp_stable_regularized,UNISIM,Prod-9,7,completed,,2025-06-18 17:54:36.117417,2025-06-18 18:12:49.726322,,,,,,
df3dd2ff-97fe-4c03-89ae-6d5c9bfd82ad,Model2_2xConv,hp_stable_regularized,UNISIM,Prod-10,7,completed,,2025-06-18 17:54:50.171178,2025-06-18 18:13:43.844992,,,,,,
f17ea209-753a-4ff1-afbd-76ff1472d4ed,Model2_2xConv,hp_stable_regularized,OPSD,solar,7,completed,,2025-06-18 17:56:10.287185,2025-06-18 18:15:40.102540,,,,,,
e1a1f14b-634f-4960-8b63-36a7da399e7f,Model2_2xConv,hp_stable_regularized,OPSD,wind,7,completed,,2025-06-18 17:58:56.490126,2025-06-18 18:21:58.627794,,,,,,
1e249fb3-ba8a-4dd7-bd28-1791f4c4d733,Model2_2xConv,hp_stable_regularized,OPSD,load,7,completed,,2025-06-18 18:00:50.637266,2025-06-18 18:26:25.104240,,,,,,
44c08f1e-3c85-442d-9bfe-501ff50fcb2b,Model2_2xConv,hp_wide_and_shallow,VOLVE,15/9-F-14,7,completed,,2025-06-18 18:02:52.796194,2025-06-18 18:23:14.780118,,,,,,
b7acbd40-c771-4666-b7d4-4aff50c19412,Model2_2xConv,hp_wide_and_shallow,VOLVE,15/9-F-12,7,completed,,2025-06-18 18:03:54.893223,2025-06-18 18:26:55.206551,,,,,,
dd8093f3-0752-4f18-a707-3109a1c74934,Model2_2xConv,hp_wide_and_shallow,VOLVE,15/9-F-11,7,completed,,2025-06-18 18:08:25.201247,2025-06-18 18:16:52.242435,,,,,,
6e6d24b1-2894-48b0-8b01-f3246bd43b25,Model2_2xConv,hp_wide_and_shallow,VOLVE,15/9-F-15 D,7,completed,,2025-06-18 18:09:05.290859,2025-06-18 18:14:19.938248,,,,,,
652802a4-853f-445c-b379-8bae7cbfe422,Model2_2xConv,hp_wide_and_shallow,UNISIM_IV,P16,7,completed,,2025-06-18 18:09:17.347151,2025-06-18 18:25:22.976696,,,,,,
14597f36-b6e1-4540-a3cf-6eb5e7c2466a,Model2_2xConv,hp_wide_and_shallow,UNISIM,Prod-1,7,completed,,2025-06-18 18:10:45.490171,2025-06-18 18:42:34.261252,,,,,,
55765461-d304-4142-826d-2aae1d69b426,Model2_2xConv,hp_wide_and_shallow,UNISIM,Prod-2,7,completed,,2025-06-18 18:11:01.564129,2025-06-18 18:47:46.727701,,,,,,
e5ed1ba9-c193-4be2-9d2b-f088a9ab1760,Model2_2xConv,hp_wide_and_shallow,UNISIM,Prod-3,7,completed,,2025-06-18 18:12:51.739470,2025-06-18 18:46:38.583121,,,,,,
2be769f4-4de1-46b1-a3a3-6ae64c6213cc,Model2_2xConv,hp_wide_and_shallow,UNISIM,Prod-4,7,completed,,2025-06-18 18:13:45.863850,2025-06-18 19:02:17.751651,,,,,,
a0269fca-9b0f-48f3-985f-5ae1075449fd,Model2_2xConv,hp_wide_and_shallow,UNISIM,Prod-5,7,completed,,2025-06-18 18:14:21.957841,2025-06-18 19:02:39.829464,,,,,,
cb02aa26-c329-43aa-a3fb-1f9f88899e46,Model2_2xConv,hp_wide_and_shallow,UNISIM,Prod-6,7,completed,,2025-06-18 18:15:42.119367,2025-06-18 19:03:47.951480,,,,,,
d6ff38bf-65ab-4871-858f-2105d019ec23,Model2_2xConv,hp_wide_and_shallow,UNISIM,Prod-7,7,completed,,2025-06-18 18:16:54.259583,2025-06-18 19:00:23.570726,,,,,,
d74596b8-06e2-4a67-a960-769cf189b816,Model2_2xConv,hp_wide_and_shallow,UNISIM,Prod-8,7,completed,,2025-06-18 18:22:00.643759,2025-06-18 19:08:02.353716,,,,,,
a8d0e52e-157a-4817-b43c-480411c535fb,Model2_2xConv,hp_wide_and_shallow,UNISIM,Prod-9,7,completed,,2025-06-18 18:23:16.795747,2025-06-18 19:08:26.416500,,,,,,
60eedee4-d3b8-46a2-889b-db0160849635,Model2_2xConv,hp_wide_and_shallow,UNISIM,Prod-10,7,completed,,2025-06-18 18:25:24.997797,2025-06-18 19:09:54.638474,,,,,,
8c6f979f-d1ce-4bf5-94e2-8a5ce6b0f1e7,Model2_2xConv,hp_wide_and_shallow,OPSD,solar,7,completed,,2025-06-18 18:26:27.121628,2025-06-18 19:09:50.596359,,,,,,
e5345dbd-3408-4209-b874-cddeb4ff5c1e,Model2_2xConv,hp_wide_and_shallow,OPSD,wind,7,completed,,2025-06-18 18:26:57.220599,2025-06-18 19:10:02.685569,,,,,,
879a362c-78c1-4ad8-ad4e-fef11f1c6840,Model2_2xConv,hp_wide_and_shallow,OPSD,load,7,completed,,2025-06-18 18:42:36.276277,2025-06-18 19:16:17.177311,,,,,,
914a24ff-e790-4c04-b600-ead9391c8eae,Model3_2xConv_BiLSTM,hp_small_fast,VOLVE,15/9-F-14,7,completed,,2025-06-18 18:46:40.601651,2025-06-18 19:08:52.490743,,,,,,
a5a8cff0-1c1c-4650-b37e-64d762102383,Model3_2xConv_BiLSTM,hp_small_fast,VOLVE,15/9-F-12,7,completed,,2025-06-18 18:47:48.742270,2025-06-18 19:10:12.747432,,,,,,
a14f8b86-c3db-4dc6-bff0-cf826deea5f5,Model3_2xConv_BiLSTM,hp_small_fast,VOLVE,15/9-F-11,7,completed,,2025-06-18 19:00:25.592419,2025-06-18 19:07:52.291463,,,,,,
7d0fab14-8f83-4234-b116-fc5574550492,Model3_2xConv_BiLSTM,hp_small_fast,VOLVE,15/9-F-15 D,7,completed,,2025-06-18 19:02:19.763472,2025-06-18 19:07:00.186155,,,,,,
2bad64d7-4cce-4898-bb36-aae9b1e07452,Model3_2xConv_BiLSTM,hp_small_fast,UNISIM_IV,P16,7,completed,,2025-06-18 19:02:41.844844,2025-06-18 19:12:32.915261,,,,,,
298726b5-5840-4fd8-82d9-a6bf45fc7d88,Model3_2xConv_BiLSTM,hp_small_fast,UNISIM,Prod-1,7,completed,,2025-06-18 19:03:49.964413,2025-06-18 19:18:47.358307,,,,,,
034e73d5-13fb-41ea-ad00-9afe1fdc8244,Model3_2xConv_BiLSTM,hp_small_fast,UNISIM,Prod-2,7,completed,,2025-06-18 19:07:02.204862,2025-06-18 19:22:33.648353,,,,,,
1f2ef61d-c7c8-42cb-bbe2-01a7582ae2b6,Model3_2xConv_BiLSTM,hp_small_fast,UNISIM,Prod-3,7,completed,,2025-06-18 19:07:54.303602,2025-06-18 19:21:43.566225,,,,,,
18b58ff7-8a0b-4f54-82d9-bb44f7183daa,Model3_2xConv_BiLSTM,hp_small_fast,UNISIM,Prod-4,7,completed,,2025-06-18 19:08:04.365282,2025-06-18 19:28:00.044379,,,,,,
9f804d0d-7e94-4177-9a2d-baec07a85949,Model3_2xConv_BiLSTM,hp_small_fast,UNISIM,Prod-5,7,completed,,2025-06-18 19:08:28.431383,2025-06-18 19:28:16.091370,,,,,,
893ecc0b-9d00-42c1-833f-a01575a7155f,Model3_2xConv_BiLSTM,hp_small_fast,UNISIM,Prod-6,7,completed,,2025-06-18 19:08:54.503243,2025-06-18 19:28:32.144367,,,,,,
a7aada58-c4d7-4046-8db6-c6bb9d7fcf7f,Model3_2xConv_BiLSTM,hp_small_fast,UNISIM,Prod-7,7,completed,,2025-06-18 19:09:52.608249,2025-06-18 19:27:05.954450,,,,,,
3c7f14bf-09b8-4814-90bf-8853f4627ae1,Model3_2xConv_BiLSTM,hp_small_fast,UNISIM,Prod-8,7,completed,,2025-06-18 19:09:56.648102,2025-06-18 19:29:08.210383,,,,,,
c7b97901-3752-4827-ad05-be77b0f0c920,Model3_2xConv_BiLSTM,hp_small_fast,UNISIM,Prod-9,7,completed,,2025-06-18 19:10:04.695520,2025-06-18 19:29:12.259324,,,,,,
ceac78e1-6897-4386-a2d3-70ccdcab1b9d,Model3_2xConv_BiLSTM,hp_small_fast,UNISIM,Prod-10,7,completed,,2025-06-18 19:10:14.758105,2025-06-18 19:29:38.318362,,,,,,
76bd6403-047c-4d4f-afab-676788c5e2bc,Model3_2xConv_BiLSTM,hp_small_fast,OPSD,solar,7,completed,,2025-06-18 19:12:34.926127,2025-06-18 19:31:30.499383,,,,,,
eac44659-5d06-4c88-aee1-39ec98dbd4de,Model3_2xConv_BiLSTM,hp_small_fast,OPSD,wind,7,completed,,2025-06-18 19:16:19.187188,2025-06-18 19:35:12.822303,,,,,,
465a188d-3f28-4aa8-a9a6-d497446a3827,Model3_2xConv_BiLSTM,hp_small_fast,OPSD,load,7,completed,,2025-06-18 19:18:49.368232,2025-06-18 19:37:53.088374,,,,,,
f26c2f2e-0de0-4278-9991-3ed985c0febf,Model3_2xConv_BiLSTM,hp_medium_balanced,VOLVE,15/9-F-14,7,completed,,2025-06-18 19:21:45.576124,2025-06-18 19:33:58.715292,,,,,,
d458279a-d8c8-4710-bf2c-00c6d317ecff,Model3_2xConv_BiLSTM,hp_medium_balanced,VOLVE,15/9-F-12,7,completed,,2025-06-18 19:22:35.660243,2025-06-18 19:35:20.864246,,,,,,
74ecc1da-a8c8-434b-8c08-7ec7e3917820,Model3_2xConv_BiLSTM,hp_medium_balanced,VOLVE,15/9-F-11,7,completed,,2025-06-18 19:27:07.965505,2025-06-18 19:31:48.554239,,,,,,
64ca913b-c1db-41ae-a7eb-b2a4a0c242b4,Model3_2xConv_BiLSTM,hp_medium_balanced,VOLVE,15/9-F-15 D,7,completed,,2025-06-18 19:28:02.054172,2025-06-18 19:31:06.441497,,,,,,
186342a9-13a3-4b65-808d-116df78fd9d5,Model3_2xConv_BiLSTM,hp_medium_balanced,UNISIM_IV,P16,7,completed,,2025-06-18 19:28:18.102252,2025-06-18 19:35:58.938230,,,,,,
c1a31a21-176c-465d-b25d-e9082f40171a,Model3_2xConv_BiLSTM,hp_medium_balanced,UNISIM,Prod-1,7,completed,,2025-06-18 19:28:34.153314,2025-06-18 19:41:53.364313,,,,,,
cdb08263-6661-49fb-b4e6-bbd35a7763ef,Model3_2xConv_BiLSTM,hp_medium_balanced,UNISIM,Prod-2,7,completed,,2025-06-18 19:29:10.231363,2025-06-18 19:44:27.588435,,,,,,
e0a823f7-19bf-4e23-855b-49cef2a38313,Model3_2xConv_BiLSTM,hp_medium_balanced,UNISIM,Prod-3,7,completed,,2025-06-18 19:29:14.270222,2025-06-18 19:43:01.466357,,,,,,
ee837813-23e4-4cc7-990c-dee836f86fb8,Model3_2xConv_BiLSTM,hp_medium_balanced,UNISIM,Prod-4,7,completed,,2025-06-18 19:29:40.329140,2025-06-18 19:50:54.051274,,,,,,
f66c704c-a5f0-4e51-b186-d791c3a0cddb,Model3_2xConv_BiLSTM,hp_medium_balanced,UNISIM,Prod-5,7,completed,,2025-06-18 19:31:08.452463,2025-06-18 19:52:58.216709,,,,,,
e686d1cc-10fb-4a2e-8707-4daf1f16285c,Model3_2xConv_BiLSTM,hp_medium_balanced,UNISIM,Prod-6,7,completed,,2025-06-18 19:31:32.510190,2025-06-18 19:53:20.299903,,,,,,
bb8d1e74-315c-4de7-8f15-4e0e238fb8e1,Model3_2xConv_BiLSTM,hp_medium_balanced,UNISIM,Prod-7,7,completed,,2025-06-18 19:31:50.563193,2025-06-18 19:50:37.997535,,,,,,
ab8fbd12-f9bb-4333-ac2e-1d2e0cccdf93,Model3_2xConv_BiLSTM,hp_medium_balanced,UNISIM,Prod-8,7,completed,,2025-06-18 19:34:00.726277,2025-06-18 19:56:44.603767,,,,,,
fb20e180-34ee-4f44-b5b5-713dd6f120e8,Model3_2xConv_BiLSTM,hp_medium_balanced,UNISIM,Prod-9,7,completed,,2025-06-18 19:35:14.832272,2025-06-18 19:58:42.788714,,,,,,
684ffdeb-ac29-4380-9d97-a39cce99b5b0,Model3_2xConv_BiLSTM,hp_medium_balanced,UNISIM,Prod-10,7,completed,,2025-06-18 19:35:22.875342,2025-06-18 19:59:20.941392,,,,,,
2b7acb02-fa6f-4a50-946f-48b76ea8562f,Model3_2xConv_BiLSTM,hp_medium_balanced,OPSD,solar,7,completed,,2025-06-18 19:36:00.948435,2025-06-18 20:00:11.050755,,,,,,
eab0dd49-e03a-4104-8ca4-7a5b35244071,Model3_2xConv_BiLSTM,hp_medium_balanced,OPSD,wind,7,completed,,2025-06-18 19:37:55.098237,2025-06-18 20:03:27.367700,,,,,,
c60f694a-bafd-4985-b8e1-26848597bb15,Model3_2xConv_BiLSTM,hp_medium_balanced,OPSD,load,7,completed,,2025-06-18 19:41:55.374291,2025-06-18 20:11:14.055316,,,,,,
a42fc829-af72-472d-a7fc-eda2730a0c7f,Model3_2xConv_BiLSTM,hp_large_robust,VOLVE,15/9-F-14,7,completed,,2025-06-18 19:43:03.476256,2025-06-18 20:02:53.279713,,,,,,
3f95860d-badc-4de6-b2da-e199b1622a71,Model3_2xConv_BiLSTM,hp_large_robust,VOLVE,15/9-F-12,7,completed,,2025-06-18 19:44:29.598416,2025-06-18 20:06:51.644381,,,,,,
a74adf72-b070-46ce-9891-5ba41962edbf,Model3_2xConv_BiLSTM,hp_large_robust,VOLVE,15/9-F-11,7,completed,,2025-06-18 19:50:40.009273,2025-06-18 19:58:50.855842,,,,,,
22d820e5-483e-442a-9e55-7770888a0661,Model3_2xConv_BiLSTM,hp_large_robust,VOLVE,15/9-F-15 D,7,completed,,2025-06-18 19:50:56.063401,2025-06-18 19:56:08.518756,,,,,,
3d0e2d7a-dbdf-4d6e-b670-586f2fcc84d1,Model3_2xConv_BiLSTM,hp_large_robust,UNISIM_IV,P16,7,completed,,2025-06-18 19:53:00.230595,2025-06-18 20:09:19.877621,,,,,,
2d0b2efa-b09d-4f67-a844-813b9ebd07d9,Model3_2xConv_BiLSTM,hp_large_robust,UNISIM,Prod-1,7,completed,,2025-06-18 19:53:22.312853,2025-06-18 20:24:20.996839,,,,,,
58c048eb-26c7-438b-9363-a1a6aa78001a,Model3_2xConv_BiLSTM,hp_large_robust,UNISIM,Prod-2,7,completed,,2025-06-18 19:56:10.531350,2025-06-18 20:32:59.674870,,,,,,
a15de64f-9634-406e-936e-dfa87f9eb0ad,Model3_2xConv_BiLSTM,hp_large_robust,UNISIM,Prod-3,7,completed,,2025-06-18 19:56:46.622429,2025-06-18 20:30:19.445666,,,,,,
7448364c-40bc-4751-a0b9-f33e23d284db,Model3_2xConv_BiLSTM,hp_large_robust,UNISIM,Prod-4,7,completed,,2025-06-18 19:58:44.804260,2025-06-18 20:47:18.729790,,,,,,
4b6c7020-2d47-48e7-80fb-1aee68932ebe,Model3_2xConv_BiLSTM,hp_large_robust,UNISIM,Prod-5,7,completed,,2025-06-18 19:58:52.870189,2025-06-18 20:47:36.816092,,,,,,
57d2dc4b-bda0-4f0d-905e-2280e5d62d66,Model3_2xConv_BiLSTM,hp_large_robust,UNISIM,Prod-6,7,completed,,2025-06-18 19:59:22.954225,2025-06-18 20:48:14.907449,,,,,,
fe5b3209-a1d6-46d5-ac71-0b61bfeb0515,Model3_2xConv_BiLSTM,hp_large_robust,UNISIM,Prod-7,7,completed,,2025-06-18 20:00:13.063598,2025-06-18 20:43:46.439585,,,,,,
e2309e4f-d313-4552-8fa8-554480c56f31,Model3_2xConv_BiLSTM,hp_large_robust,UNISIM,Prod-8,7,completed,,2025-06-18 20:02:55.289308,2025-06-18 20:50:25.098216,,,,,,
37d07f6f-17b4-462b-bc78-7b925d133348,Model3_2xConv_BiLSTM,hp_large_robust,UNISIM,Prod-9,7,completed,,2025-06-18 20:03:29.382155,2025-06-18 20:50:55.183707,,,,,,
afebec1f-6390-44cb-b8b4-38e175bd1bef,Model3_2xConv_BiLSTM,hp_large_robust,UNISIM,Prod-10,7,completed,,2025-06-18 20:06:53.665265,2025-06-18 20:53:05.523507,,,,,,
003cc393-9f9b-49cb-9bc2-6e5503c88222,Model3_2xConv_BiLSTM,hp_large_robust,OPSD,solar,7,completed,,2025-06-18 20:09:21.892718,2025-06-18 20:54:11.632372,,,,,,
5047eef8-2c74-45c0-bfc8-6d6933dbcc06,Model3_2xConv_BiLSTM,hp_large_robust,OPSD,wind,7,completed,,2025-06-18 20:11:16.070049,2025-06-18 20:55:21.783583,,,,,,
97f563f1-aabe-4805-913c-cd657ad84ead,Model3_2xConv_BiLSTM,hp_large_robust,OPSD,load,7,completed,,2025-06-18 20:24:23.011515,2025-06-18 21:01:46.248560,,,,,,
cd467dc7-9bae-4974-94cb-69c998c9b935,Model3_2xConv_BiLSTM,hp_stable_regularized,VOLVE,15/9-F-14,7,completed,,2025-06-18 20:30:21.457631,2025-06-18 20:52:49.455250,,,,,,
c6ac0388-e562-41d5-999c-b412642576d8,Model3_2xConv_BiLSTM,hp_stable_regularized,VOLVE,15/9-F-12,7,completed,,2025-06-18 20:33:01.692882,2025-06-18 20:55:15.739384,,,,,,
e710f7af-92d6-46db-9caf-74b3fbc3d164,Model3_2xConv_BiLSTM,hp_stable_regularized,VOLVE,15/9-F-11,7,completed,,2025-06-18 20:43:48.465750,2025-06-18 20:51:39.282499,,,,,,
51a4d859-5fb8-4fef-8ba2-28285ad71cfe,Model3_2xConv_BiLSTM,hp_stable_regularized,VOLVE,15/9-F-15 D,7,completed,,2025-06-18 20:47:20.745332,2025-06-18 20:52:03.356093,,,,,,
534750dc-45cb-4572-a902-3f972c9a0486,Model3_2xConv_BiLSTM,hp_stable_regularized,UNISIM_IV,P16,7,completed,,2025-06-18 20:47:38.831839,2025-06-18 20:57:57.979544,,,,,,
785a4ee2-8240-4d7f-9282-050cc1e27aed,Model3_2xConv_BiLSTM,hp_stable_regularized,UNISIM,Prod-1,7,completed,,2025-06-18 20:48:16.920599,2025-06-18 21:04:42.458520,,,,,,
cb0d8490-3aee-4b60-be75-e6183a1e2f2e,Model3_2xConv_BiLSTM,hp_stable_regularized,UNISIM,Prod-2,7,completed,,2025-06-18 20:50:27.114230,2025-06-18 21:08:32.758376,,,,,,
e7130aa0-5b54-44fb-8beb-1fb0311d8f8b,Model3_2xConv_BiLSTM,hp_stable_regularized,UNISIM,Prod-3,7,completed,,2025-06-18 20:50:57.197382,2025-06-18 21:06:58.629547,,,,,,
66407ecd-1a99-4eca-9079-aeccf66b1b7a,Model3_2xConv_BiLSTM,hp_stable_regularized,UNISIM,Prod-4,7,completed,,2025-06-18 20:51:41.295694,2025-06-18 21:19:59.646397,,,,,,
879de3a4-2250-49bb-8d5a-a420d5688783,Model3_2xConv_BiLSTM,hp_stable_regularized,UNISIM,Prod-5,7,completed,,2025-06-18 20:52:05.366182,2025-06-18 21:20:51.790252,,,,,,
8dbe760d-22be-41ec-81b8-0f9c0889f1c6,Model3_2xConv_BiLSTM,hp_stable_regularized,UNISIM,Prod-6,7,completed,,2025-06-18 20:52:51.469494,2025-06-18 21:22:28.034896,,,,,,
73e3c023-a91b-40e0-8590-98321173c910,Model3_2xConv_BiLSTM,hp_stable_regularized,UNISIM,Prod-7,7,completed,,2025-06-18 20:53:07.536383,2025-06-18 21:17:21.396568,,,,,,
563cf940-0dd4-4619-9693-efe3a18a65f1,Model3_2xConv_BiLSTM,hp_stable_regularized,UNISIM,Prod-8,7,completed,,2025-06-18 20:54:13.643477,2025-06-18 21:25:04.409625,,,,,,
4f8f2d53-d842-44e0-91c4-26bbb8fb3ef9,Model3_2xConv_BiLSTM,hp_stable_regularized,UNISIM,Prod-9,7,completed,,2025-06-18 20:55:17.751413,2025-06-18 21:28:32.856435,,,,,,
7f1ca616-2311-4fcb-9800-6e24e3397a1f,Model3_2xConv_BiLSTM,hp_stable_regularized,UNISIM,Prod-10,7,completed,,2025-06-18 20:55:23.795147,2025-06-18 21:30:43.151811,,,,,,
436edcf6-4d00-4b2f-a712-6f633c7ce34c,Model3_2xConv_BiLSTM,hp_stable_regularized,OPSD,solar,7,completed,,2025-06-18 20:57:59.991299,2025-06-18 21:38:24.047301,,,,,,
ef2ba6c1-a5f6-482d-a243-7e24f8f33850,Model3_2xConv_BiLSTM,hp_stable_regularized,OPSD,wind,7,completed,,2025-06-18 21:01:48.259229,2025-06-18 21:56:34.315001,,,,,,
3af7b8a3-d42b-4a89-958b-2845cc876f0f,Model3_2xConv_BiLSTM,hp_stable_regularized,OPSD,load,7,completed,,2025-06-18 21:04:44.468262,2025-06-18 22:12:30.172821,,,,,,
4805611e-d860-4cd6-8662-1d107d03d46d,Model3_2xConv_BiLSTM,hp_wide_and_shallow,VOLVE,15/9-F-14,7,completed,,2025-06-18 21:07:00.641156,2025-06-18 22:17:46.926983,,,,,,
27d13a6c-2bef-4de0-b30a-f9171e43c97c,Model3_2xConv_BiLSTM,hp_wide_and_shallow,VOLVE,15/9-F-12,7,completed,,2025-06-18 21:08:34.770632,2025-06-18 22:31:28.825598,,,,,,
2a453714-3097-479c-82e7-f506369df870,Model3_2xConv_BiLSTM,hp_wide_and_shallow,VOLVE,15/9-F-11,7,completed,,2025-06-18 21:17:23.422438,2025-06-18 21:46:35.152353,,,,,,
e92291a2-051e-457f-999e-26928d7e868f,Model3_2xConv_BiLSTM,hp_wide_and_shallow,VOLVE,15/9-F-15 D,7,completed,,2025-06-18 21:20:01.663452,2025-06-18 21:39:36.293494,,,,,,
643ab351-4fce-4144-99dc-808e0db70eb5,Model3_2xConv_BiLSTM,hp_wide_and_shallow,UNISIM_IV,P16,7,completed,,2025-06-18 21:20:53.815107,2025-06-18 22:22:25.615442,,,,,,
76cfc9ad-4a98-48e1-90da-70b123a545e3,Model3_2xConv_BiLSTM,hp_wide_and_shallow,UNISIM,Prod-1,7,completed,,2025-06-18 21:22:30.052410,2025-06-18 23:23:56.804712,,,,,,
2f811fd7-dc0c-414a-9bc8-05ae745c67d7,Model3_2xConv_BiLSTM,hp_wide_and_shallow,UNISIM,Prod-2,7,completed,,2025-06-18 21:25:06.451276,2025-06-18 23:45:09.512968,,,,,,
9052e8dd-2481-4375-bbfa-f9cfca7bc725,Model3_2xConv_BiLSTM,hp_wide_and_shallow,UNISIM,Prod-3,7,completed,,2025-06-18 21:28:34.888650,2025-06-18 23:34:34.141935,,,,,,
eb8abfa5-6a75-401d-aa97-209c0ebbd7ad,Model3_2xConv_BiLSTM,hp_wide_and_shallow,UNISIM,Prod-4,7,completed,,2025-06-18 21:30:45.186644,2025-06-19 00:33:32.724570,,,,,,
38c3be7d-4384-4c61-80aa-5dd40fedc767,Model3_2xConv_BiLSTM,hp_wide_and_shallow,UNISIM,Prod-5,7,completed,,2025-06-18 21:38:26.073828,2025-06-19 00:40:45.647522,,,,,,
b4a32e3a-8ac1-4076-a8fe-1aab6a3a2017,Model3_2xConv_BiLSTM,hp_wide_and_shallow,UNISIM,Prod-6,7,completed,,2025-06-18 21:39:38.343062,2025-06-19 00:41:09.775429,,,,,,
3d07166f-9d6e-457b-b4d9-210320a3c892,Model3_2xConv_BiLSTM,hp_wide_and_shallow,UNISIM,Prod-7,7,completed,,2025-06-18 21:46:37.203138,2025-06-19 00:30:14.332220,,,,,,
4b87e6bb-9a60-4e4e-86bb-b16f0b9db62e,Model3_2xConv_BiLSTM,hp_wide_and_shallow,UNISIM,Prod-8,7,completed,,2025-06-18 21:56:36.378963,2025-06-19 00:48:58.607858,,,,,,
5acb18c6-96ea-4e6e-b6cd-92d6e415bd4a,Model3_2xConv_BiLSTM,hp_wide_and_shallow,UNISIM,Prod-9,7,completed,,2025-06-18 22:12:32.218941,2025-06-19 00:55:37.346503,,,,,,
37848b20-fc5f-4fe7-b579-d7b8ef41d2cd,Model3_2xConv_BiLSTM,hp_wide_and_shallow,UNISIM,Prod-10,7,completed,,2025-06-18 22:17:48.949651,2025-06-19 00:58:57.739174,,,,,,
211c4b5c-99f7-4dda-bbdc-5cacaa220375,Model3_2xConv_BiLSTM,hp_wide_and_shallow,OPSD,solar,7,completed,,2025-06-18 22:22:27.650869,2025-06-19 00:58:43.650382,,,,,,
e341eaae-293d-4aac-b74b-265581847220,Model3_2xConv_BiLSTM,hp_wide_and_shallow,OPSD,wind,7,completed,,2025-06-18 22:31:30.851590,2025-06-19 01:00:43.923972,,,,,,
d340274d-22a0-46d3-bd69-9771b1b548d8,Model3_2xConv_BiLSTM,hp_wide_and_shallow,OPSD,load,7,completed,,2025-06-18 23:23:58.853345,2025-06-19 01:09:26.553193,,,,,,
9b1617e6-2c6c-4e29-a670-f477a0f0cee5,Model4_Transformer_BiLSTM,hp_small_fast,VOLVE,15/9-F-14,7,completed,,2025-06-18 23:34:36.199098,2025-06-19 00:40:11.463887,,,,,,
349175e1-c603-473c-8396-7acfb4788f53,Model4_Transformer_BiLSTM,hp_small_fast,VOLVE,15/9-F-12,7,completed,,2025-06-18 23:45:11.562856,2025-06-19 00:49:02.687330,,,,,,
d235d874-0233-476f-9265-c8af5d9eb609,Model4_Transformer_BiLSTM,hp_small_fast,VOLVE,15/9-F-11,7,completed,,2025-06-19 00:30:16.353282,2025-06-19 00:49:22.782585,,,,,,
767b9571-0778-4cfe-9505-11da657bcf06,Model4_Transformer_BiLSTM,hp_small_fast,VOLVE,15/9-F-15 D,7,completed,,2025-06-19 00:33:34.766443,2025-06-19 00:45:54.258850,,,,,,
f9d81073-7d6f-46d6-8d89-ebd2e5349f9b,Model4_Transformer_BiLSTM,hp_small_fast,UNISIM_IV,P16,7,completed,,2025-06-19 00:40:13.500591,2025-06-19 01:01:48.038761,,,,,,
71a99e98-e214-49de-a963-ebc52cd69ec5,Model4_Transformer_BiLSTM,hp_small_fast,UNISIM,Prod-1,7,completed,,2025-06-19 00:40:47.677508,2025-06-19 01:09:42.601282,,,,,,
7c9685a3-b676-4b3c-bcd9-d5dc0a50b1d5,Model4_Transformer_BiLSTM,hp_small_fast,UNISIM,Prod-2,7,completed,,2025-06-19 00:41:11.802217,2025-06-19 01:11:32.775405,,,,,,
3f944d1f-d68f-4cf4-a9b3-581136d1fdbc,Model4_Transformer_BiLSTM,hp_small_fast,UNISIM,Prod-3,7,completed,,2025-06-19 00:45:56.279605,2025-06-19 01:11:28.738319,,,,,,
d62d1e82-4ff3-426a-84be-b82ec439f166,Model4_Transformer_BiLSTM,hp_small_fast,UNISIM,Prod-4,7,completed,,2025-06-19 00:49:00.622479,2025-06-19 01:18:49.277332,,,,,,
df177870-385b-4cf0-a022-08205fe4085b,Model4_Transformer_BiLSTM,hp_small_fast,UNISIM,Prod-5,7,completed,,2025-06-19 00:49:04.717033,2025-06-19 01:18:53.312292,,,,,,
4d719b9c-599f-4743-aaf5-e9eafbecdd86,Model4_Transformer_BiLSTM,hp_small_fast,UNISIM,Prod-6,7,completed,,2025-06-19 00:49:24.801238,2025-06-19 01:18:53.321082,,,,,,
ec0f4916-a10d-4b59-ad70-06045275ff81,Model4_Transformer_BiLSTM,hp_small_fast,UNISIM,Prod-7,7,completed,,2025-06-19 00:55:39.367376,2025-06-19 01:18:37.233410,,,,,,
2c4ddf4a-6322-460e-93d0-c343c77e4131,Model4_Transformer_BiLSTM,hp_small_fast,UNISIM,Prod-8,7,completed,,2025-06-19 00:58:45.673272,2025-06-19 01:21:43.546353,,,,,,
51580478-e1d7-4774-b4e3-57855c8d4e78,Model4_Transformer_BiLSTM,hp_small_fast,UNISIM,Prod-9,7,completed,,2025-06-19 00:58:59.760197,2025-06-19 01:21:47.582252,,,,,,
3d3108f8-f7f7-4b72-947a-a687c0fb93d0,Model4_Transformer_BiLSTM,hp_small_fast,UNISIM,Prod-10,7,completed,,2025-06-19 01:00:45.935512,2025-06-19 01:23:05.727331,,,,,,
86e787f9-5315-4139-b273-c23d98502d25,Model4_Transformer_BiLSTM,hp_small_fast,OPSD,solar,7,completed,,2025-06-19 01:01:50.052210,2025-06-19 01:23:21.775341,,,,,,
d47012cd-9aa8-4ad5-a686-3144ad4d0681,Model4_Transformer_BiLSTM,hp_small_fast,OPSD,wind,7,completed,,2025-06-19 01:09:28.563204,2025-06-19 01:29:12.296423,,,,,,
6effaa05-9427-48bc-aecc-fd38c61e1952,Model4_Transformer_BiLSTM,hp_small_fast,OPSD,load,7,completed,,2025-06-19 01:09:44.611229,2025-06-19 01:29:28.347365,,,,,,
a7208e0a-f246-498b-93d4-401098cdec91,Model4_Transformer_BiLSTM,hp_medium_balanced,VOLVE,15/9-F-14,7,completed,,2025-06-19 01:11:30.749171,2025-06-19 01:24:05.887333,,,,,,
b3fdc5a4-0106-4765-af88-d83d5d649b65,Model4_Transformer_BiLSTM,hp_medium_balanced,VOLVE,15/9-F-12,7,completed,,2025-06-19 01:11:34.786198,2025-06-19 01:24:43.959383,,,,,,
686f92da-9ef1-42f7-afab-99902f394866,Model4_Transformer_BiLSTM,hp_medium_balanced,VOLVE,15/9-F-11,7,completed,,2025-06-19 01:18:39.244179,2025-06-19 01:23:33.821331,,,,,,
df5012ec-de10-43b0-b047-45bfc23f22b6,Model4_Transformer_BiLSTM,hp_medium_balanced,VOLVE,15/9-F-15 D,7,completed,,2025-06-19 01:18:51.288132,2025-06-19 01:22:03.633341,,,,,,
fd3a8032-275c-40d9-8b1f-d5b49f287d81,Model4_Transformer_BiLSTM,hp_medium_balanced,UNISIM_IV,P16,7,completed,,2025-06-19 01:18:55.328158,2025-06-19 01:26:48.116340,,,,,,
571854b8-4dd6-4d15-8433-e0eec7f610f9,Model4_Transformer_BiLSTM,hp_medium_balanced,UNISIM,Prod-1,7,completed,,2025-06-19 01:18:57.353283,2025-06-19 01:32:40.572439,,,,,,
f3ced4ce-eeed-408d-93ad-e8bdf7a00828,Model4_Transformer_BiLSTM,hp_medium_balanced,UNISIM,Prod-2,7,completed,,2025-06-19 01:21:45.557197,2025-06-19 01:37:26.928339,,,,,,
5f2882c0-ed59-4769-b398-508063d3a2ce,Model4_Transformer_BiLSTM,hp_medium_balanced,UNISIM,Prod-3,7,completed,,2025-06-19 01:21:49.593139,2025-06-19 01:36:00.806322,,,,,,
aa6d1038-9225-4076-86f5-f63389ba6d96,Model4_Transformer_BiLSTM,hp_medium_balanced,UNISIM,Prod-4,7,completed,,2025-06-19 01:22:05.643176,2025-06-19 01:43:11.342362,,,,,,
bb39ce9a-3b7e-499b-a62c-23494fa85827,Model4_Transformer_BiLSTM,hp_medium_balanced,UNISIM,Prod-5,7,completed,,2025-06-19 01:23:07.736262,2025-06-19 01:44:15.443346,,,,,,
989933ef-ab91-478e-a3b9-71e88c2d153e,Model4_Transformer_BiLSTM,hp_medium_balanced,UNISIM,Prod-6,7,completed,,2025-06-19 01:23:23.787153,2025-06-19 01:44:35.498527,,,,,,
d89a4b6d-5cfe-4275-b3f0-436c3ace8e55,Model4_Transformer_BiLSTM,hp_medium_balanced,UNISIM,Prod-7,7,completed,,2025-06-19 01:23:35.833204,2025-06-19 01:42:07.244509,,,,,,
85de68cc-528c-40b5-aa18-9632f8b957dc,Model4_Transformer_BiLSTM,hp_medium_balanced,UNISIM,Prod-8,7,completed,,2025-06-19 01:24:07.899259,2025-06-19 01:44:53.552280,,,,,,
eaa69bca-f040-4067-8c94-f6db81b2d87b,Model4_Transformer_BiLSTM,hp_medium_balanced,UNISIM,Prod-9,7,completed,,2025-06-19 01:24:45.971159,2025-06-19 01:45:33.625622,,,,,,
46e3694e-8d2b-4555-a361-07848ed50f1f,Model4_Transformer_BiLSTM,hp_medium_balanced,UNISIM,Prod-10,7,completed,,2025-06-19 01:26:50.128204,2025-06-19 01:48:03.898557,,,,,,
33d0b174-ed78-446f-9cce-df769a042fc3,Model4_Transformer_BiLSTM,hp_medium_balanced,OPSD,solar,7,completed,,2025-06-19 01:29:14.306171,2025-06-19 01:50:14.063602,,,,,,
4122818e-9a3f-421f-813f-bd0ad176b0d8,Model4_Transformer_BiLSTM,hp_medium_balanced,OPSD,wind,7,completed,,2025-06-19 01:29:30.358161,2025-06-19 01:50:48.171496,,,,,,
1a3f4f85-1a06-49e5-a48f-f7da339cf96e,Model4_Transformer_BiLSTM,hp_medium_balanced,OPSD,load,7,completed,,2025-06-19 01:32:42.584181,2025-06-19 01:54:38.532568,,,,,,
6b0a86b9-20f4-433d-a958-6d76015b1681,Model4_Transformer_BiLSTM,hp_large_robust,VOLVE,15/9-F-14,7,completed,,2025-06-19 01:36:02.818173,2025-06-19 01:50:14.073666,,,,,,
c614d3a4-ed58-4102-8fdc-6ea4bc309fbd,Model4_Transformer_BiLSTM,hp_large_robust,VOLVE,15/9-F-12,7,completed,,2025-06-19 01:37:28.939134,2025-06-19 01:52:38.325553,,,,,,
9d19f2a6-74bd-447c-ab88-e400f5529205,Model4_Transformer_BiLSTM,hp_large_robust,VOLVE,15/9-F-11,7,completed,,2025-06-19 01:42:09.254146,2025-06-19 01:47:41.833599,,,,,,
d9e7f1f2-9e26-43aa-a11f-58a39ea2c154,Model4_Transformer_BiLSTM,hp_large_robust,VOLVE,15/9-F-15 D,7,completed,,2025-06-19 01:43:13.354116,2025-06-19 01:47:05.761557,,,,,,
eba33b25-f87d-41b1-8d0d-4b3154cda4c7,Model4_Transformer_BiLSTM,hp_large_robust,UNISIM_IV,P16,7,completed,,2025-06-19 01:44:17.455255,2025-06-19 01:53:40.429527,,,,,,
22dda7a8-0ffd-45fe-92ac-7d5eb8efc40d,Model4_Transformer_BiLSTM,hp_large_robust,UNISIM,Prod-1,7,completed,,2025-06-19 01:44:37.510265,2025-06-19 02:01:14.971619,,,,,,
bccf40f9-152e-4b07-85aa-b52a85fb319b,Model4_Transformer_BiLSTM,hp_large_robust,UNISIM,Prod-2,7,completed,,2025-06-19 01:44:55.562229,2025-06-19 02:03:57.210267,,,,,,
eb65d0b2-9d16-4e9a-8832-abd92f69f72e,Model4_Transformer_BiLSTM,hp_large_robust,UNISIM,Prod-3,7,completed,,2025-06-19 01:45:35.638181,2025-06-19 02:02:47.105543,,,,,,
311c3bc6-de7b-4561-bdd6-b74583e51f6d,Model4_Transformer_BiLSTM,hp_large_robust,UNISIM,Prod-4,7,completed,,2025-06-19 01:47:07.772198,2025-06-19 02:12:11.745241,,,,,,
3f861d3d-eaa4-42dc-8b97-a07de0ed5bfc,Model4_Transformer_BiLSTM,hp_large_robust,UNISIM,Prod-5,7,completed,,2025-06-19 01:47:43.846151,2025-06-19 02:12:51.864395,,,,,,
2dde0bcb-f166-43f7-b15a-6f49031049af,Model4_Transformer_BiLSTM,hp_large_robust,UNISIM,Prod-6,7,completed,,2025-06-19 01:48:05.910181,2025-06-19 02:13:09.921559,,,,,,
7916385a-93f2-42ff-a187-b7f85aebf1c6,Model4_Transformer_BiLSTM,hp_large_robust,UNISIM,Prod-7,7,completed,,2025-06-19 01:50:16.084250,2025-06-19 02:12:29.803561,,,,,,
c004a4b7-3be2-4ac7-be83-9e138de6aaf5,Model4_Transformer_BiLSTM,hp_large_robust,UNISIM,Prod-8,7,completed,,2025-06-19 01:50:18.112440,2025-06-19 02:14:58.065287,,,,,,
984f70aa-0b63-444c-93f2-342a967bedbc,Model4_Transformer_BiLSTM,hp_large_robust,UNISIM,Prod-9,7,completed,,2025-06-19 01:50:50.183155,2025-06-19 02:15:20.127357,,,,,,
6dbf7f9a-5e81-4427-9eb7-d9485ca0d97a,Model4_Transformer_BiLSTM,hp_large_robust,UNISIM,Prod-10,7,completed,,2025-06-19 01:52:40.337207,2025-06-19 02:17:02.299338,,,,,,
92c9afc1-e72b-435b-995c-4a47fb8b04a8,Model4_Transformer_BiLSTM,hp_large_robust,OPSD,solar,7,completed,,2025-06-19 01:53:42.441252,2025-06-19 02:17:18.353523,,,,,,
bd53ce8f-e63d-4bed-830e-855040297785,Model4_Transformer_BiLSTM,hp_large_robust,OPSD,wind,7,completed,,2025-06-19 01:54:40.544451,2025-06-19 02:18:30.529459,,,,,,
47ce24ba-1a4e-4800-9c6a-22fe06a7230e,Model4_Transformer_BiLSTM,hp_large_robust,OPSD,load,7,completed,,2025-06-19 02:01:16.983211,2025-06-19 02:24:00.966310,,,,,,
9a05f385-d775-4a56-a2d5-38a5223c6d13,Model4_Transformer_BiLSTM,hp_stable_regularized,VOLVE,15/9-F-14,7,completed,,2025-06-19 02:02:49.115304,2025-06-19 02:17:26.395312,,,,,,
f67b7440-ac89-456f-9aa8-79e79a1a1977,Model4_Transformer_BiLSTM,hp_stable_regularized,VOLVE,15/9-F-12,7,completed,,2025-06-19 02:03:59.223374,2025-06-19 02:19:08.601371,,,,,,
c930152d-c694-4bc9-b66d-a6e62d64f139,Model4_Transformer_BiLSTM,hp_stable_regularized,VOLVE,15/9-F-11,7,completed,,2025-06-19 02:12:13.756338,2025-06-19 02:17:38.441488,,,,,,
56b540b6-fab1-440f-9b0f-f6a7f3c2ba98,Model4_Transformer_BiLSTM,hp_stable_regularized,VOLVE,15/9-F-15 D,7,completed,,2025-06-19 02:12:31.814316,2025-06-19 02:16:04.207422,,,,,,
5515e8e5-c217-43aa-816d-a3b97fadb016,Model4_Transformer_BiLSTM,hp_stable_regularized,UNISIM_IV,P16,7,completed,,2025-06-19 02:12:53.875269,2025-06-19 02:21:12.762313,,,,,,
d9802327-5857-4aef-9727-108f5a35727b,Model4_Transformer_BiLSTM,hp_stable_regularized,UNISIM,Prod-1,7,completed,,2025-06-19 02:13:11.933217,2025-06-19 02:27:23.202362,,,,,,
205b8779-e4ec-4ac7-a974-248b78fb1d80,Model4_Transformer_BiLSTM,hp_stable_regularized,UNISIM,Prod-2,7,completed,,2025-06-19 02:15:00.078174,2025-06-19 02:31:09.497454,,,,,,
d0254417-435b-4b2c-9b00-5bbbfdc179c2,Model4_Transformer_BiLSTM,hp_stable_regularized,UNISIM,Prod-3,7,completed,,2025-06-19 02:15:22.139157,2025-06-19 02:29:51.385351,,,,,,
9061daea-c0d8-4140-bbcd-722b415b1325,Model4_Transformer_BiLSTM,hp_stable_regularized,UNISIM,Prod-4,7,completed,,2025-06-19 02:16:06.218277,2025-06-19 02:38:32.026588,,,,,,
cf9278cd-4fbe-4286-b923-cfba9c82bff1,Model4_Transformer_BiLSTM,hp_stable_regularized,UNISIM,Prod-5,7,completed,,2025-06-19 02:17:04.310203,2025-06-19 02:39:42.145882,,,,,,
58d0a0bd-fb98-4592-ab25-d70acc891128,Model4_Transformer_BiLSTM,hp_stable_regularized,UNISIM,Prod-6,7,completed,,2025-06-19 02:17:20.366164,2025-06-19 02:40:10.224689,,,,,,
2f6c73e7-4984-43de-b7b2-8fb28a5cf463,Model4_Transformer_BiLSTM,hp_stable_regularized,UNISIM,Prod-7,7,completed,,2025-06-19 02:17:28.406133,2025-06-19 02:37:01.891320,,,,,,
3f3c1e6a-55ea-4557-b01a-cb6a6903198c,Model4_Transformer_BiLSTM,hp_stable_regularized,UNISIM,Prod-8,7,completed,,2025-06-19 02:17:40.451197,2025-06-19 02:40:14.280240,,,,,,
081aee94-3772-4fd3-b084-37ad906a8c9e,Model4_Transformer_BiLSTM,hp_stable_regularized,UNISIM,Prod-9,7,completed,,2025-06-19 02:18:32.540216,2025-06-19 02:41:28.410422,,,,,,
04e0bee0-1f8c-446f-8c6f-ca4fcab577a4,Model4_Transformer_BiLSTM,hp_stable_regularized,UNISIM,Prod-10,7,completed,,2025-06-19 02:19:10.613157,2025-06-19 02:42:52.549832,,,,,,
79184ee8-a27a-4400-8786-6a2c0ac425b1,Model4_Transformer_BiLSTM,hp_stable_regularized,OPSD,solar,7,completed,,2025-06-19 02:21:14.774144,2025-06-19 02:45:46.794249,,,,,,
39813592-7756-4ae6-ab0a-58e072f40adb,Model4_Transformer_BiLSTM,hp_stable_regularized,OPSD,wind,7,completed,,2025-06-19 02:24:02.978291,2025-06-19 02:51:37.354322,,,,,,
db3e0644-a8fe-4e41-b90c-5bf576a425d2,Model4_Transformer_BiLSTM,hp_stable_regularized,OPSD,load,7,completed,,2025-06-19 02:27:25.213245,2025-06-19 02:58:38.096504,,,,,,
39001f4c-35a3-4ae1-995f-3c0120ea09ef,Model4_Transformer_BiLSTM,hp_wide_and_shallow,VOLVE,15/9-F-14,7,completed,,2025-06-19 02:29:53.396236,2025-06-19 02:52:07.449517,,,,,,
23bed63f-1b4f-423e-b12d-117da2ddb291,Model4_Transformer_BiLSTM,hp_wide_and_shallow,VOLVE,15/9-F-12,7,completed,,2025-06-19 02:31:11.510234,2025-06-19 02:56:35.810719,,,,,,
98b49759-534a-4f9f-a2d1-8246cb192b96,Model4_Transformer_BiLSTM,hp_wide_and_shallow,VOLVE,15/9-F-11,7,completed,,2025-06-19 02:37:03.904175,2025-06-19 02:46:16.945701,,,,,,
befdb601-a13b-4f5a-abaa-fd4cedd9489a,Model4_Transformer_BiLSTM,hp_wide_and_shallow,VOLVE,15/9-F-15 D,7,completed,,2025-06-19 02:38:34.038295,2025-06-19 02:45:52.855833,,,,,,
ae15173f-dd5c-4dd4-9d85-d9ffdb3160a4,Model4_Transformer_BiLSTM,hp_wide_and_shallow,UNISIM_IV,P16,7,completed,,2025-06-19 02:39:44.159182,2025-06-19 02:58:15.993421,,,,,,
d3553913-78ad-4565-99c3-6a1c374b0fad,Model4_Transformer_BiLSTM,hp_wide_and_shallow,UNISIM,Prod-1,7,completed,,2025-06-19 02:40:12.238529,2025-06-19 03:15:31.340516,,,,,,
6034f27b-6097-4047-adff-c2694d1dc5a4,Model4_Transformer_BiLSTM,hp_wide_and_shallow,UNISIM,Prod-2,7,completed,,2025-06-19 02:40:16.294377,2025-06-19 03:20:39.825303,,,,,,
90a655d1-bd4d-46a7-a206-25b612f0c899,Model4_Transformer_BiLSTM,hp_wide_and_shallow,UNISIM,Prod-3,7,completed,,2025-06-19 02:41:30.427683,2025-06-19 03:18:15.600531,,,,,,
dd82355d-fbe9-42bd-a415-e102fceca8d8,Model4_Transformer_BiLSTM,hp_wide_and_shallow,UNISIM,Prod-4,7,completed,,2025-06-19 02:42:54.564679,2025-06-19 03:35:48.938841,,,,,,
408e1fcf-9dba-4f5e-8b79-7e7197026b26,Model4_Transformer_BiLSTM,hp_wide_and_shallow,UNISIM,Prod-5,7,completed,,2025-06-19 02:45:48.807522,2025-06-19 03:38:41.172293,,,,,,
3bc3c015-e61f-4e25-be33-77332f1f8b68,Model4_Transformer_BiLSTM,hp_wide_and_shallow,UNISIM,Prod-6,7,completed,,2025-06-19 02:45:54.875454,2025-06-19 03:38:41.190513,,,,,,
554fde88-fe11-4f03-b87e-7769fd9f0471,Model4_Transformer_BiLSTM,hp_wide_and_shallow,UNISIM,Prod-7,7,completed,,2025-06-19 02:46:18.965034,2025-06-19 03:33:40.741653,,,,,,
cc571642-6dfa-498f-bf1a-944dcda9351f,Model4_Transformer_BiLSTM,hp_wide_and_shallow,UNISIM,Prod-8,7,completed,,2025-06-19 02:51:39.367820,2025-06-19 03:42:17.690469,,,,,,
bbaa19d3-943e-44c8-a504-3ac1a964ed31,Model4_Transformer_BiLSTM,hp_wide_and_shallow,UNISIM,Prod-9,7,completed,,2025-06-19 02:52:09.475235,2025-06-19 03:42:25.820795,,,,,,
a98c1dbe-75a1-4386-acbd-b03e7863d063,Model4_Transformer_BiLSTM,hp_wide_and_shallow,UNISIM,Prod-10,7,completed,,2025-06-19 02:56:37.826648,2025-06-19 03:45:20.088576,,,,,,
ce627424-e835-42da-9b56-68856cdb92fd,Model4_Transformer_BiLSTM,hp_wide_and_shallow,OPSD,solar,7,completed,,2025-06-19 02:58:18.019282,2025-06-19 03:45:24.136668,,,,,,
986bf603-55d7-4f2f-8981-5d083f216781,Model4_Transformer_BiLSTM,hp_wide_and_shallow,OPSD,wind,7,completed,,2025-06-19 02:58:40.115887,2025-06-19 03:45:28.174994,,,,,,
f2e7cc58-006d-4dbe-be24-bdf6b727618e,Model4_Transformer_BiLSTM,hp_wide_and_shallow,OPSD,load,7,completed,,2025-06-19 03:15:33.363513,2025-06-19 03:52:12.647411,,,,,,
f5f0b6f0-5014-4d96-847d-3487d5e2feb6,Model5_Transformer_2xConv,hp_small_fast,VOLVE,15/9-F-14,7,completed,,2025-06-19 03:18:17.618502,2025-06-19 03:40:27.416457,,,,,,
6f19273e-6ecb-4286-bd01-dfc422b3f493,Model5_Transformer_2xConv,hp_small_fast,VOLVE,15/9-F-12,7,completed,,2025-06-19 03:20:41.842983,2025-06-19 03:42:57.901571,,,,,,
de523326-6ade-40a0-b869-f55104acbf9a,Model5_Transformer_2xConv,hp_small_fast,VOLVE,15/9-F-11,7,completed,,2025-06-19 03:33:42.763327,2025-06-19 03:41:09.565603,,,,,,
79b3baaf-56e9-4d4b-a0ba-e7555cff7299,Model5_Transformer_2xConv,hp_small_fast,VOLVE,15/9-F-15 D,7,completed,,2025-06-19 03:35:50.954535,2025-06-19 03:40:27.427840,,,,,,
7fa8f532-4278-4768-ace3-8df7c92df086,Model5_Transformer_2xConv,hp_small_fast,UNISIM_IV,P16,7,completed,,2025-06-19 03:38:43.219788,2025-06-19 03:47:50.348270,,,,,,
8158537c-8b5c-4691-be44-2a9fb77ae55c,Model5_Transformer_2xConv,hp_small_fast,UNISIM,Prod-1,7,completed,,2025-06-19 03:38:45.260587,2025-06-19 03:53:06.733306,,,,,,
e73bb7a4-b7c7-4402-97ef-ae95e7678bce,Model5_Transformer_2xConv,hp_small_fast,UNISIM,Prod-2,7,completed,,2025-06-19 03:40:29.443407,2025-06-19 03:55:48.956296,,,,,,
e3057b8b-2d75-4673-a1e8-8cb436c6c432,Model5_Transformer_2xConv,hp_small_fast,UNISIM,Prod-3,7,completed,,2025-06-19 03:40:31.485721,2025-06-19 03:54:30.846226,,,,,,
b756a5f0-74e7-415e-ad04-037199fc64cb,Model5_Transformer_2xConv,hp_small_fast,UNISIM,Prod-4,7,completed,,2025-06-19 03:41:11.581482,2025-06-19 04:00:27.301238,,,,,,
057a6fff-f6ed-4442-9773-8e5473dccf90,Model5_Transformer_2xConv,hp_small_fast,UNISIM,Prod-5,7,completed,,2025-06-19 03:42:19.778578,2025-06-19 04:01:09.376302,,,,,,
78294fd6-e560-4978-89bc-dbd3e008ecf9,Model5_Transformer_2xConv,hp_small_fast,UNISIM,Prod-6,7,completed,,2025-06-19 03:42:27.834656,2025-06-19 04:01:17.416267,,,,,,
eecaa57b-cae4-41b4-900a-c10abd7296e6,Model5_Transformer_2xConv,hp_small_fast,UNISIM,Prod-7,7,completed,,2025-06-19 03:42:59.914388,2025-06-19 03:59:39.221426,,,,,,
c62ecd44-2b1e-4008-aa0d-de096df1a08c,Model5_Transformer_2xConv,hp_small_fast,UNISIM,Prod-8,7,completed,,2025-06-19 03:45:22.100159,2025-06-19 04:03:07.601279,,,,,,
a5503167-12c7-4c9e-b2bf-35c490806623,Model5_Transformer_2xConv,hp_small_fast,UNISIM,Prod-9,7,completed,,2025-06-19 03:45:26.148173,2025-06-19 04:02:59.549392,,,,,,
e28a39e3-3ec4-461f-884a-902d3ab2ac1f,Model5_Transformer_2xConv,hp_small_fast,UNISIM,Prod-10,7,completed,,2025-06-19 03:45:30.185363,2025-06-19 04:03:17.855287,,,,,,
d1704b65-82ed-44da-b65e-9b3bb46ab235,Model5_Transformer_2xConv,hp_small_fast,OPSD,solar,7,completed,,2025-06-19 03:47:52.360545,2025-06-19 04:05:08.031229,,,,,,
fb9d81a7-5645-447c-883c-f2ebbe6fb2ce,Model5_Transformer_2xConv,hp_small_fast,OPSD,wind,7,completed,,2025-06-19 03:52:14.658218,2025-06-19 04:09:14.404293,,,,,,
fbaa6644-bd9a-42a2-ad51-216041b7cd1c,Model5_Transformer_2xConv,hp_small_fast,OPSD,load,7,completed,,2025-06-19 03:53:08.743171,2025-06-19 04:10:12.496323,,,,,,
2ed6918f-d2b0-4c44-9948-70c4fc7d8e61,Model5_Transformer_2xConv,hp_medium_balanced,VOLVE,15/9-F-14,7,completed,,2025-06-19 03:54:32.857172,2025-06-19 04:05:20.074240,,,,,,
2c138163-c4b4-477c-96b2-a5f01e9e29c5,Model5_Transformer_2xConv,hp_medium_balanced,VOLVE,15/9-F-12,7,completed,,2025-06-19 03:55:50.968200,2025-06-19 04:07:08.214432,,,,,,
a2cc2610-d3ba-4ff5-86cb-e748440ee824,Model5_Transformer_2xConv,hp_medium_balanced,VOLVE,15/9-F-11,7,completed,,2025-06-19 03:59:41.232138,2025-06-19 04:03:49.919514,,,,,,
47d84728-353e-4de2-a466-80de2f63136d,Model5_Transformer_2xConv,hp_medium_balanced,VOLVE,15/9-F-15 D,7,completed,,2025-06-19 04:00:29.313135,2025-06-19 04:03:07.609942,,,,,,
368bb601-6fff-4e1b-ad09-9179dce9a882,Model5_Transformer_2xConv,hp_medium_balanced,UNISIM_IV,P16,7,completed,,2025-06-19 04:01:11.387239,2025-06-19 04:07:50.288236,,,,,,
9726039b-4c88-416d-8304-0c7a651f053a,Model5_Transformer_2xConv,hp_medium_balanced,UNISIM,Prod-1,7,completed,,2025-06-19 04:01:19.427167,2025-06-19 04:12:58.695289,,,,,,
d977c4d8-0aea-46d6-980c-dbe726179f4b,Model5_Transformer_2xConv,hp_medium_balanced,UNISIM,Prod-2,7,completed,,2025-06-19 04:03:01.569164,2025-06-19 04:16:20.964556,,,,,,
49af638f-96b8-4d04-9f35-c100d599cbb2,Model5_Transformer_2xConv,hp_medium_balanced,UNISIM,Prod-3,7,completed,,2025-06-19 04:03:09.618135,2025-06-19 04:15:10.861259,,,,,,
a584ea26-a864-4f11-a4d4-947505b23147,Model5_Transformer_2xConv,hp_medium_balanced,UNISIM,Prod-4,7,completed,,2025-06-19 04:03:11.641240,2025-06-19 04:21:13.320321,,,,,,
f7dbe079-541e-4db1-b3df-3b21d054ce06,Model5_Transformer_2xConv,hp_medium_balanced,UNISIM,Prod-5,7,completed,,2025-06-19 04:03:19.866196,2025-06-19 04:21:25.363281,,,,,,
f16a0163-7933-4a3f-beb7-a361d364cd20,Model5_Transformer_2xConv,hp_medium_balanced,UNISIM,Prod-6,7,completed,,2025-06-19 04:03:51.931192,2025-06-19 04:21:57.432700,,,,,,
6bbb912e-c780-41ab-b44e-8d409f53b0d5,Model5_Transformer_2xConv,hp_medium_balanced,UNISIM,Prod-7,7,completed,,2025-06-19 04:05:10.041183,2025-06-19 04:21:05.281245,,,,,,
07261464-af12-4956-a973-8a367514a898,Model5_Transformer_2xConv,hp_medium_balanced,UNISIM,Prod-8,7,completed,,2025-06-19 04:05:22.084457,2025-06-19 04:23:25.564601,,,,,,
ec1be9bb-ae5e-45ef-a691-9a9705c15823,Model5_Transformer_2xConv,hp_medium_balanced,UNISIM,Prod-9,7,completed,,2025-06-19 04:07:10.226142,2025-06-19 04:25:37.776379,,,,,,
5318cf70-51be-47d5-8f07-0abb01fec77b,Model5_Transformer_2xConv,hp_medium_balanced,UNISIM,Prod-10,7,completed,,2025-06-19 04:07:52.299153,2025-06-19 04:26:53.937498,,,,,,
4f02f4c9-b49b-4229-9744-58dfbd373abd,Model5_Transformer_2xConv,hp_medium_balanced,OPSD,solar,7,completed,,2025-06-19 04:09:16.415170,2025-06-19 04:28:18.061697,,,,,,
8f349d6e-a017-4608-9ea4-7ab83ab7c4de,Model5_Transformer_2xConv,hp_medium_balanced,OPSD,wind,7,completed,,2025-06-19 04:10:14.508154,2025-06-19 04:29:42.242938,,,,,,
9bcf8535-0747-47ae-824a-a099038de305,Model5_Transformer_2xConv,hp_medium_balanced,OPSD,load,7,completed,,2025-06-19 04:13:00.706241,2025-06-19 04:33:46.624611,,,,,,
364d2223-83c1-4f55-9631-c27941625626,Model5_Transformer_2xConv,hp_large_robust,VOLVE,15/9-F-14,7,completed,,2025-06-19 04:15:12.873207,2025-06-19 04:29:14.164804,,,,,,
5879180f-000d-41f7-a66c-0184fcec4c1b,Model5_Transformer_2xConv,hp_large_robust,VOLVE,15/9-F-12,7,completed,,2025-06-19 04:16:22.976162,2025-06-19 04:31:38.454836,,,,,,
1215bfca-f729-42fe-9751-aa3654f4814a,Model5_Transformer_2xConv,hp_large_robust,VOLVE,15/9-F-11,7,completed,,2025-06-19 04:21:07.292181,2025-06-19 04:26:49.890780,,,,,,
40922156-6b60-475b-932b-e97a57cb2c5b,Model5_Transformer_2xConv,hp_large_robust,VOLVE,15/9-F-15 D,7,completed,,2025-06-19 04:21:15.331370,2025-06-19 04:24:51.689339,,,,,,
8bdd0204-83f4-4092-bd69-f8ece470316a,Model5_Transformer_2xConv,hp_large_robust,UNISIM_IV,P16,7,completed,,2025-06-19 04:21:27.377327,2025-06-19 04:31:16.386315,,,,,,
b9b34abc-405a-4962-83e5-0c1e61cfc47a,Model5_Transformer_2xConv,hp_large_robust,UNISIM,Prod-1,7,completed,,2025-06-19 04:21:59.447302,2025-06-19 04:40:07.054346,,,,,,
3a31eb25-b92a-4c90-828e-0ef5533d5603,Model5_Transformer_2xConv,hp_large_robust,UNISIM,Prod-2,7,completed,,2025-06-19 04:23:27.577160,2025-06-19 04:44:29.416379,,,,,,
2d81e717-e063-4096-918a-bb7e327871e2,Model5_Transformer_2xConv,hp_large_robust,UNISIM,Prod-3,7,completed,,2025-06-19 04:24:53.703613,2025-06-19 04:44:05.345465,,,,,,
15bb1a1b-66d2-4b56-877c-f8a4e35bd504,Model5_Transformer_2xConv,hp_large_robust,UNISIM,Prod-4,7,completed,,2025-06-19 04:25:39.789193,2025-06-19 04:53:40.053594,,,,,,
037d7fad-3207-47b6-b3e4-4997329df3cb,Model5_Transformer_2xConv,hp_large_robust,UNISIM,Prod-5,7,completed,,2025-06-19 04:26:51.904350,2025-06-19 04:54:56.170698,,,,,,
07a9780e-4ee8-43c9-9a55-288e6a50ef6b,Model5_Transformer_2xConv,hp_large_robust,UNISIM,Prod-6,7,completed,,2025-06-19 04:26:55.948180,2025-06-19 04:55:00.213618,,,,,,
8deadcd9-6aff-46cd-abc0-de81b9b6058e,Model5_Transformer_2xConv,hp_large_robust,UNISIM,Prod-7,7,completed,,2025-06-19 04:28:20.076230,2025-06-19 04:53:25.997451,,,,,,
d2525245-c067-4235-a904-73a74a789777,Model5_Transformer_2xConv,hp_large_robust,UNISIM,Prod-8,7,completed,,2025-06-19 04:29:16.179356,2025-06-19 04:56:38.355268,,,,,,
30199a3e-3b21-44a6-b744-48d0dec1c99e,Model5_Transformer_2xConv,hp_large_robust,UNISIM,Prod-9,7,completed,,2025-06-19 04:29:44.258196,2025-06-19 04:56:52.407373,,,,,,
7fd58f92-d6ef-471f-833c-34a2d4c13701,Model5_Transformer_2xConv,hp_large_robust,UNISIM,Prod-10,7,completed,,2025-06-19 04:31:18.399215,2025-06-19 04:58:20.612232,,,,,,
1c183a1c-58c3-471b-bdea-6369f3ce40df,Model5_Transformer_2xConv,hp_large_robust,OPSD,solar,7,completed,,2025-06-19 04:31:40.467245,2025-06-19 04:58:08.562475,,,,,,
86c7c536-759f-47b1-9b46-83172139b695,Model5_Transformer_2xConv,hp_large_robust,OPSD,wind,7,completed,,2025-06-19 04:33:48.639491,2025-06-19 04:59:44.968280,,,,,,
568c7922-d1ba-499e-a1ce-a5f316e32109,Model5_Transformer_2xConv,hp_large_robust,OPSD,load,7,completed,,2025-06-19 04:40:09.069522,2025-06-19 05:04:13.307333,,,,,,
179ae8c1-09db-49aa-89d6-bcc3a95672e7,Model5_Transformer_2xConv,hp_stable_regularized,VOLVE,15/9-F-14,7,completed,,2025-06-19 04:44:07.357270,2025-06-19 04:58:36.826292,,,,,,
bf0ec623-cb3c-4b10-8b38-9d7ed92dcd54,Model5_Transformer_2xConv,hp_stable_regularized,VOLVE,15/9-F-12,7,completed,,2025-06-19 04:44:31.430131,2025-06-19 04:59:18.906540,,,,,,
f145f6d4-4301-4b3d-a65d-1dbcf9ef5506,Model5_Transformer_2xConv,hp_stable_regularized,VOLVE,15/9-F-11,7,completed,,2025-06-19 04:53:28.009488,2025-06-19 04:58:28.685365,,,,,,
52eb0e99-2cfc-4160-8757-6eafd3081798,Model5_Transformer_2xConv,hp_stable_regularized,VOLVE,15/9-F-15 D,7,completed,,2025-06-19 04:53:42.065642,2025-06-19 04:56:58.453270,,,,,,
24107696-2cab-4ae3-9990-9a645932037b,Model5_Transformer_2xConv,hp_stable_regularized,UNISIM_IV,P16,7,completed,,2025-06-19 04:54:58.183184,2025-06-19 05:02:43.181251,,,,,,
0a8f6be7-2795-4d35-a172-28ffe8c08a52,Model5_Transformer_2xConv,hp_stable_regularized,UNISIM,Prod-1,7,completed,,2025-06-19 04:55:02.226313,2025-06-19 05:07:37.546329,,,,,,
f7b04e62-4048-402b-8ac5-017721769096,Model5_Transformer_2xConv,hp_stable_regularized,UNISIM,Prod-2,7,completed,,2025-06-19 04:56:40.368497,2025-06-19 05:10:43.799307,,,,,,
e6e17def-3b20-44ca-9e21-334d4ee9c431,Model5_Transformer_2xConv,hp_stable_regularized,UNISIM,Prod-3,7,completed,,2025-06-19 04:56:54.422225,2025-06-19 05:09:35.696459,,,,,,
6c2dcfe7-ddc7-4d42-84cb-cf8495861763,Model5_Transformer_2xConv,hp_stable_regularized,UNISIM,Prod-4,7,completed,,2025-06-19 04:57:00.465533,2025-06-19 05:16:34.231462,,,,,,
b1aa906d-bb42-4ceb-8f77-3c5babe136cc,Model5_Transformer_2xConv,hp_stable_regularized,UNISIM,Prod-5,7,completed,,2025-06-19 04:58:10.573109,2025-06-19 05:18:06.365283,,,,,,
0865363f-6027-47a5-86c7-7f55566daab5,Model5_Transformer_2xConv,hp_stable_regularized,UNISIM,Prod-6,7,completed,,2025-06-19 04:58:22.624152,2025-06-19 05:18:18.421250,,,,,,
ec812e60-ad1c-40d7-bdf7-c896dfc5e0ea,Model5_Transformer_2xConv,hp_stable_regularized,UNISIM,Prod-7,7,completed,,2025-06-19 04:58:30.796254,2025-06-19 05:15:32.128427,,,,,,
d2639331-c405-4e39-aa10-2d3dd019d4ff,Model5_Transformer_2xConv,hp_stable_regularized,UNISIM,Prod-8,7,completed,,2025-06-19 04:58:38.839237,2025-06-19 05:18:22.491087,,,,,,
2916ab81-9075-4f4b-976f-9c3e4572d758,Model5_Transformer_2xConv,hp_stable_regularized,UNISIM,Prod-9,7,completed,,2025-06-19 04:59:20.917217,2025-06-19 05:19:12.600864,,,,,,
a26e44df-beba-4b3a-b3a3-6999add12dcb,Model5_Transformer_2xConv,hp_stable_regularized,UNISIM,Prod-10,7,completed,,2025-06-19 04:59:46.979205,2025-06-19 05:20:32.762339,,,,,,
c1628a86-91ab-4431-a1ff-b2261308f7cb,Model5_Transformer_2xConv,hp_stable_regularized,OPSD,solar,7,completed,,2025-06-19 05:02:45.192318,2025-06-19 05:25:21.260871,,,,,,
97aa1934-b374-417c-bed4-d8166ccad004,Model5_Transformer_2xConv,hp_stable_regularized,OPSD,wind,7,completed,,2025-06-19 05:04:15.319328,2025-06-19 05:28:55.550180,,,,,,
c7ab0d89-0ce2-4e7d-a964-1fe9706882a4,Model5_Transformer_2xConv,hp_stable_regularized,OPSD,load,7,completed,,2025-06-19 05:07:39.558194,2025-06-19 05:36:30.315820,,,,,,
b11342f3-ab82-4e56-8c9e-881b6a0811b5,Model5_Transformer_2xConv,hp_wide_and_shallow,VOLVE,15/9-F-14,7,completed,,2025-06-19 05:09:37.709161,2025-06-19 05:31:41.799741,,,,,,
1535f419-b3e7-4954-8c6a-bdd70df3739c,Model5_Transformer_2xConv,hp_wide_and_shallow,VOLVE,15/9-F-12,7,completed,,2025-06-19 05:10:45.810216,2025-06-19 05:35:12.086680,,,,,,
0b3522b2-0b3e-4cab-a30b-e58377e00db2,Model5_Transformer_2xConv,hp_wide_and_shallow,VOLVE,15/9-F-11,7,completed,,2025-06-19 05:15:34.143168,2025-06-19 05:24:31.149960,,,,,,
fbe5a110-23fb-42c7-9582-e56bf14e07c4,Model5_Transformer_2xConv,hp_wide_and_shallow,VOLVE,15/9-F-15 D,7,completed,,2025-06-19 05:16:36.245422,2025-06-19 05:22:16.933633,,,,,,
a332cc32-ab78-4a6c-be90-a0b70a598fad,Model5_Transformer_2xConv,hp_wide_and_shallow,UNISIM_IV,P16,7,completed,,2025-06-19 05:18:08.378163,2025-06-19 05:36:04.207375,,,,,,
df7ad9a3-03f9-4d02-a4b8-d83bf258811e,Model5_Transformer_2xConv,hp_wide_and_shallow,UNISIM,Prod-1,7,completed,,2025-06-19 05:18:20.435383,2025-06-19 05:52:07.404303,,,,,,
20616d9d-f903-4bd5-a728-02e4673558d3,Model5_Transformer_2xConv,hp_wide_and_shallow,UNISIM,Prod-2,7,completed,,2025-06-19 05:18:24.508118,2025-06-19 05:57:07.895691,,,,,,
48f6fb5c-5a3f-491c-92f6-020bc2fc84c4,Model5_Transformer_2xConv,hp_wide_and_shallow,UNISIM,Prod-3,7,completed,,2025-06-19 05:19:14.618400,2025-06-19 05:54:15.631149,,,,,,
3926ba85-e1b2-4142-84a3-aa2d487ea4ba,Model5_Transformer_2xConv,hp_wide_and_shallow,UNISIM,Prod-4,7,completed,,2025-06-19 05:20:34.779278,2025-06-19 06:11:02.920051,,,,,,
cc9ddc1c-d179-46fc-a72f-66b27e417742,Model5_Transformer_2xConv,hp_wide_and_shallow,UNISIM,Prod-5,7,completed,,2025-06-19 05:22:18.953282,2025-06-19 06:12:43.084352,,,,,,
53f2126f-9351-4e9b-a1e9-cd25112e9c86,Model5_Transformer_2xConv,hp_wide_and_shallow,UNISIM,Prod-6,7,completed,,2025-06-19 05:24:33.165189,2025-06-19 06:14:37.264079,,,,,,
cb538024-907f-46bd-9b2c-13b7ec2424ab,Model5_Transformer_2xConv,hp_wide_and_shallow,UNISIM,Prod-7,7,completed,,2025-06-19 05:25:23.276470,2025-06-19 06:10:44.820317,,,,,,
46e57bd8-ec77-40cf-bdc8-dfc19c7d0d60,Model5_Transformer_2xConv,hp_wide_and_shallow,UNISIM,Prod-8,7,completed,,2025-06-19 05:28:57.572170,2025-06-19 06:17:21.557290,,,,,,
0d59d499-3f7f-48f9-8122-d97c43b18477,Model5_Transformer_2xConv,hp_wide_and_shallow,UNISIM,Prod-9,7,completed,,2025-06-19 05:31:43.816069,2025-06-19 06:18:43.741623,,,,,,
7e0f292d-a086-4f55-89b7-0c3cc9b178ff,Model5_Transformer_2xConv,hp_wide_and_shallow,UNISIM,Prod-10,7,completed,,2025-06-19 05:35:14.105735,2025-06-19 06:21:06.042454,,,,,,
d10d0c09-aa12-45f6-9d36-0a3ed5bc16a7,Model5_Transformer_2xConv,hp_wide_and_shallow,OPSD,solar,7,completed,,2025-06-19 05:36:06.231820,2025-06-19 06:20:55.957787,,,,,,
83795ce7-10bb-4b32-8306-067ae3b27d22,Model5_Transformer_2xConv,hp_wide_and_shallow,OPSD,wind,7,completed,,2025-06-19 05:36:32.330539,2025-06-19 06:21:12.090722,,,,,,
4a8ad888-905a-40d7-9d82-a39eb4401817,Model5_Transformer_2xConv,hp_wide_and_shallow,OPSD,load,7,completed,,2025-06-19 05:52:09.430451,2025-06-19 06:27:44.556345,,,,,,
22842cb4-2efa-4f2f-ac53-ae70ce89625a,Model6_Transformer_Conv_BiLSTM,hp_small_fast,VOLVE,15/9-F-14,7,completed,,2025-06-19 05:54:17.656226,2025-06-19 06:18:25.674168,,,,,,
c79f8643-cbc1-4061-a3b0-7ba4625f9d12,Model6_Transformer_Conv_BiLSTM,hp_small_fast,VOLVE,15/9-F-12,7,completed,,2025-06-19 05:57:09.920644,2025-06-19 06:20:59.997709,,,,,,
00ebf0e3-227a-498a-b952-38d51f015463,Model6_Transformer_Conv_BiLSTM,hp_small_fast,VOLVE,15/9-F-11,7,completed,,2025-06-19 06:10:46.850440,2025-06-19 06:18:49.793615,,,,,,
9379497b-8025-4063-8010-27325b13dd89,Model6_Transformer_Conv_BiLSTM,hp_small_fast,VOLVE,15/9-F-15 D,7,completed,,2025-06-19 06:11:04.934348,2025-06-19 06:16:29.437874,,,,,,
3fe1cd5d-65e8-48f9-a04c-1a66419cb1e6,Model6_Transformer_Conv_BiLSTM,hp_small_fast,UNISIM_IV,P16,7,completed,,2025-06-19 06:12:45.100211,2025-06-19 06:23:36.269295,,,,,,
f7162d57-a4e6-42bc-9695-d97e5f1fef66,Model6_Transformer_Conv_BiLSTM,hp_small_fast,UNISIM,Prod-1,7,completed,,2025-06-19 06:14:39.283273,2025-06-19 06:30:52.777325,,,,,,
19bd82da-4db2-434f-892d-edc427c7de34,Model6_Transformer_Conv_BiLSTM,hp_small_fast,UNISIM,Prod-2,7,completed,,2025-06-19 06:16:31.457350,2025-06-19 06:33:57.038331,,,,,,
c2f44a85-ff3d-48ea-aff6-76a3f6aedc42,Model6_Transformer_Conv_BiLSTM,hp_small_fast,UNISIM,Prod-3,7,completed,,2025-06-19 06:17:23.572349,2025-06-19 06:33:02.946369,,,,,,
233bd126-a5e0-4c40-8609-a15daa87561a,Model6_Transformer_Conv_BiLSTM,hp_small_fast,UNISIM,Prod-4,7,completed,,2025-06-19 06:18:27.687561,2025-06-19 06:40:41.514262,,,,,,
095a8802-58e1-49e7-9991-55f9c6f420f6,Model6_Transformer_Conv_BiLSTM,hp_small_fast,UNISIM,Prod-5,7,completed,,2025-06-19 06:18:45.757657,2025-06-19 06:40:57.605354,,,,,,
8d4953ba-4bf5-42fc-89af-60595436c3b1,Model6_Transformer_Conv_BiLSTM,hp_small_fast,UNISIM,Prod-6,7,completed,,2025-06-19 06:18:51.805663,2025-06-19 06:40:53.565254,,,,,,
7fadcba4-0364-4c92-bd19-a5f3ff7f91df,Model6_Transformer_Conv_BiLSTM,hp_small_fast,UNISIM,Prod-7,7,completed,,2025-06-19 06:20:57.971560,2025-06-19 06:40:03.441359,,,,,,
59e76802-06d6-47b1-b713-25f1abeb9cde,Model6_Transformer_Conv_BiLSTM,hp_small_fast,UNISIM,Prod-8,7,completed,,2025-06-19 06:21:02.010789,2025-06-19 06:42:15.759253,,,,,,
ad0456a2-e8b1-4596-b215-472641a3c973,Model6_Transformer_Conv_BiLSTM,hp_small_fast,UNISIM,Prod-9,7,completed,,2025-06-19 06:21:08.055411,2025-06-19 06:42:11.715347,,,,,,
df4a82f7-196e-4382-878a-22e78d784d63,Model6_Transformer_Conv_BiLSTM,hp_small_fast,UNISIM,Prod-10,7,completed,,2025-06-19 06:21:14.102144,2025-06-19 06:42:43.821538,,,,,,
5a04b91b-6d18-4beb-b539-3abfcd571d0f,Model6_Transformer_Conv_BiLSTM,hp_small_fast,OPSD,solar,7,completed,,2025-06-19 06:23:38.282136,2025-06-19 06:44:09.984387,,,,,,
cb9d2c87-71a9-4b3c-b10e-73d379589f04,Model6_Transformer_Conv_BiLSTM,hp_small_fast,OPSD,wind,7,completed,,2025-06-19 06:27:46.567134,2025-06-19 06:48:14.379398,,,,,,
15f78aa5-dca5-4e77-87ec-9cea4a5935ea,Model6_Transformer_Conv_BiLSTM,hp_small_fast,OPSD,load,7,completed,,2025-06-19 06:30:54.789320,2025-06-19 06:51:32.650450,,,,,,
5416930c-cbf7-41be-92b4-398a0ec3e5aa,Model6_Transformer_Conv_BiLSTM,hp_medium_balanced,VOLVE,15/9-F-14,7,completed,,2025-06-19 06:33:04.958232,2025-06-19 06:46:18.185397,,,,,,
c1fa0fec-c352-474a-ae81-17ae35b0bb70,Model6_Transformer_Conv_BiLSTM,hp_medium_balanced,VOLVE,15/9-F-12,7,completed,,2025-06-19 06:33:59.050212,2025-06-19 06:47:50.315384,,,,,,
e70b7598-9dc1-4cdf-803c-b06bb0d347c5,Model6_Transformer_Conv_BiLSTM,hp_medium_balanced,VOLVE,15/9-F-11,7,completed,,2025-06-19 06:40:05.453151,2025-06-19 06:45:16.087248,,,,,,
5758ab66-0ddc-4e62-bd73-74e376dad146,Model6_Transformer_Conv_BiLSTM,hp_medium_balanced,VOLVE,15/9-F-15 D,7,completed,,2025-06-19 06:40:43.526261,2025-06-19 06:44:05.942520,,,,,,
1444d2d7-1871-4421-b8c2-60232630ab0c,Model6_Transformer_Conv_BiLSTM,hp_medium_balanced,UNISIM_IV,P16,7,completed,,2025-06-19 06:40:55.577171,2025-06-19 06:49:12.475467,,,,,,
fe5e5cab-f111-4946-ac6d-93bb324516dc,Model6_Transformer_Conv_BiLSTM,hp_medium_balanced,UNISIM,Prod-1,7,completed,,2025-06-19 06:40:59.616189,2025-06-19 06:55:28.925307,,,,,,
24101e4d-4388-4485-a57e-6bca7e4c75ad,Model6_Transformer_Conv_BiLSTM,hp_medium_balanced,UNISIM,Prod-2,7,completed,,2025-06-19 06:42:13.728358,2025-06-19 06:59:01.210375,,,,,,
fa98e56e-ec5a-495f-a3be-4e4bcb6c0f57,Model6_Transformer_Conv_BiLSTM,hp_medium_balanced,UNISIM,Prod-3,7,completed,,2025-06-19 06:42:17.771188,2025-06-19 06:57:15.069435,,,,,,
635686ea-beca-4d46-8b0b-a6ac45a6518e,Model6_Transformer_Conv_BiLSTM,hp_medium_balanced,UNISIM,Prod-4,7,completed,,2025-06-19 06:42:45.834470,2025-06-19 07:05:25.676578,,,,,,
1a10f0b0-d972-49c8-8a67-6f32a1070ccf,Model6_Transformer_Conv_BiLSTM,hp_medium_balanced,UNISIM,Prod-5,7,completed,,2025-06-19 06:44:07.955463,2025-06-19 07:06:57.808397,,,,,,
84083dfa-8047-4d3b-9512-1acdcd847c34,Model6_Transformer_Conv_BiLSTM,hp_medium_balanced,UNISIM,Prod-6,7,completed,,2025-06-19 06:44:11.996156,2025-06-19 07:07:09.869612,,,,,,
27001d6b-b2d8-40ed-8584-264d3a4d0c1d,Model6_Transformer_Conv_BiLSTM,hp_medium_balanced,UNISIM,Prod-7,7,completed,,2025-06-19 06:45:18.099202,2025-06-19 07:05:21.631359,,,,,,
e9d88e45-cb39-4cfd-92f2-6a2b039deacf,Model6_Transformer_Conv_BiLSTM,hp_medium_balanced,UNISIM,Prod-8,7,completed,,2025-06-19 06:46:20.197285,2025-06-19 07:09:28.052217,,,,,,
dcaf8cee-11dc-493e-a144-25bf6b474604,Model6_Transformer_Conv_BiLSTM,hp_medium_balanced,UNISIM,Prod-9,7,completed,,2025-06-19 06:47:52.328161,2025-06-19 07:11:20.262419,,,,,,
b58ec0b0-6711-4fa4-b7d5-3d69a73a7a21,Model6_Transformer_Conv_BiLSTM,hp_medium_balanced,UNISIM,Prod-10,7,completed,,2025-06-19 06:48:16.391364,2025-06-19 07:12:10.364785,,,,,,
fad51c93-27d3-4de0-9f76-cce1dd6d8980,Model6_Transformer_Conv_BiLSTM,hp_medium_balanced,OPSD,solar,7,completed,,2025-06-19 06:49:14.486167,2025-06-19 07:12:32.442583,,,,,,
cc54fc90-d3bb-4fcd-874c-93226b614dfb,Model6_Transformer_Conv_BiLSTM,hp_medium_balanced,OPSD,wind,7,completed,,2025-06-19 06:51:34.663180,2025-06-19 07:16:14.903401,,,,,,
d2f4d05c-80d4-444b-b336-ddf3d47aa291,Model6_Transformer_Conv_BiLSTM,hp_medium_balanced,OPSD,load,7,completed,,2025-06-19 06:55:30.938313,2025-06-19 07:21:59.425599,,,,,,
1449d92a-ffbb-4d6f-9435-e0df232ae528,Model6_Transformer_Conv_BiLSTM,hp_large_robust,VOLVE,15/9-F-14,7,completed,,2025-06-19 06:57:17.080253,2025-06-19 07:14:22.735371,,,,,,
19d9cc44-48e4-4e6f-b2de-1c421b24ba56,Model6_Transformer_Conv_BiLSTM,hp_large_robust,VOLVE,15/9-F-12,7,completed,,2025-06-19 06:59:03.221185,2025-06-19 07:17:57.060599,,,,,,
9e202694-80ef-4166-857f-173ab39abadd,Model6_Transformer_Conv_BiLSTM,hp_large_robust,VOLVE,15/9-F-11,7,completed,,2025-06-19 07:05:23.644447,2025-06-19 07:12:40.575457,,,,,,
8e4f67c7-6b41-4e7a-b23d-bdb0dd276cd3,Model6_Transformer_Conv_BiLSTM,hp_large_robust,VOLVE,15/9-F-15 D,7,completed,,2025-06-19 07:05:27.690242,2025-06-19 07:10:02.135699,,,,,,
3f90b1f6-819c-4bf4-9ad4-0e0fb0eb33fe,Model6_Transformer_Conv_BiLSTM,hp_large_robust,UNISIM_IV,P16,7,completed,,2025-06-19 07:06:59.823360,2025-06-19 07:19:47.233290,,,,,,
cf580e70-6352-40b1-a7d6-17a3540acac4,Model6_Transformer_Conv_BiLSTM,hp_large_robust,UNISIM,Prod-1,7,completed,,2025-06-19 07:07:11.883167,2025-06-19 07:30:54.040083,,,,,,
05dc6063-2b48-4374-85aa-b7ab48b6a667,Model6_Transformer_Conv_BiLSTM,hp_large_robust,UNISIM,Prod-2,7,completed,,2025-06-19 07:09:30.066324,2025-06-19 07:36:56.524694,,,,,,
ea021b1c-0bc6-4410-8525-7eaea7ccf46e,Model6_Transformer_Conv_BiLSTM,hp_large_robust,UNISIM,Prod-3,7,completed,,2025-06-19 07:10:04.152325,2025-06-19 07:34:58.347376,,,,,,
b7b274d2-baa9-42a2-afb8-c2d78623b644,Model6_Transformer_Conv_BiLSTM,hp_large_robust,UNISIM,Prod-4,7,completed,,2025-06-19 07:11:22.278220,2025-06-19 07:48:11.331832,,,,,,
64984335-bd31-4d52-a60f-56b921772232,Model6_Transformer_Conv_BiLSTM,hp_large_robust,UNISIM,Prod-5,7,completed,,2025-06-19 07:12:12.382680,2025-06-19 07:49:05.438927,,,,,,
b4ed5fa0-29d8-4eb2-9441-28560168a886,Model6_Transformer_Conv_BiLSTM,hp_large_robust,UNISIM,Prod-6,7,completed,,2025-06-19 07:12:34.457614,2025-06-19 07:49:17.502260,,,,,,
e508648c-3de6-4e88-82ae-5cd82a2b71c4,Model6_Transformer_Conv_BiLSTM,hp_large_robust,UNISIM,Prod-7,7,completed,,2025-06-19 07:12:42.588153,2025-06-19 07:45:25.107581,,,,,,
0081f309-c7c9-44a7-bbaf-1710694c7a08,Model6_Transformer_Conv_BiLSTM,hp_large_robust,UNISIM,Prod-8,7,completed,,2025-06-19 07:14:24.753565,2025-06-19 07:50:35.635566,,,,,,
f9fb4bbc-810d-4818-9fe1-d3ec609c3d35,Model6_Transformer_Conv_BiLSTM,hp_large_robust,UNISIM,Prod-9,7,completed,,2025-06-19 07:16:16.916259,2025-06-19 07:51:59.773621,,,,,,
0612877f-4cd8-4cba-a1b0-666509792557,Model6_Transformer_Conv_BiLSTM,hp_large_robust,UNISIM,Prod-10,7,completed,,2025-06-19 07:17:59.076624,2025-06-19 07:53:44.027434,,,,,,
332dfa08-61ad-4a5a-a7f0-1791be938802,Model6_Transformer_Conv_BiLSTM,hp_large_robust,OPSD,solar,7,completed,,2025-06-19 07:19:49.249252,2025-06-19 07:54:12.104441,,,,,,
babf5c86-04bc-4e9c-a176-bb3052df6415,Model6_Transformer_Conv_BiLSTM,hp_large_robust,OPSD,wind,7,completed,,2025-06-19 07:22:01.440471,2025-06-19 07:55:40.277873,,,,,,
54aa7013-e96f-40c5-9ed2-27f68663184f,Model6_Transformer_Conv_BiLSTM,hp_large_robust,OPSD,load,7,completed,,2025-06-19 07:30:56.057239,2025-06-19 08:01:28.748414,,,,,,
a3dc0c33-781c-4869-aab9-abd8e013760a,Model6_Transformer_Conv_BiLSTM,hp_stable_regularized,VOLVE,15/9-F-14,7,completed,,2025-06-19 07:35:00.366742,2025-06-19 07:54:32.168734,,,,,,
9be65994-83cb-4ee6-a73f-dcb3c83acaa4,Model6_Transformer_Conv_BiLSTM,hp_stable_regularized,VOLVE,15/9-F-12,7,completed,,2025-06-19 07:36:58.544448,2025-06-19 07:56:36.377349,,,,,,
84b401dd-ae09-489e-8793-1cb2c8041c09,Model6_Transformer_Conv_BiLSTM,hp_stable_regularized,VOLVE,15/9-F-11,7,completed,,2025-06-19 07:45:27.123383,2025-06-19 07:52:47.868443,,,,,,
dafaad3a-ea2f-45de-b0dd-3b597d72857b,Model6_Transformer_Conv_BiLSTM,hp_stable_regularized,VOLVE,15/9-F-15 D,7,completed,,2025-06-19 07:48:13.349609,2025-06-19 07:52:47.882638,,,,,,
25cf712a-a9b5-4b9a-9192-cbb94c812bb8,Model6_Transformer_Conv_BiLSTM,hp_stable_regularized,UNISIM_IV,P16,7,completed,,2025-06-19 07:49:07.454250,2025-06-19 07:59:04.567467,,,,,,
6b497761-c95b-401a-a2fb-29dcfdab90ce,Model6_Transformer_Conv_BiLSTM,hp_stable_regularized,UNISIM,Prod-1,7,completed,,2025-06-19 07:49:19.516499,2025-06-19 08:05:47.048434,,,,,,
b351a6b8-84e6-44d0-b6b7-07e50d96fb62,Model6_Transformer_Conv_BiLSTM,hp_stable_regularized,UNISIM,Prod-2,7,completed,,2025-06-19 07:50:37.652296,2025-06-19 08:08:55.318551,,,,,,
a7e5e4dc-9c4c-44eb-a1aa-28f64ccf4205,Model6_Transformer_Conv_BiLSTM,hp_stable_regularized,UNISIM,Prod-3,7,completed,,2025-06-19 07:52:01.788186,2025-06-19 08:08:23.247422,,,,,,
c901b0b6-affb-4afc-aef9-e50c53152d91,Model6_Transformer_Conv_BiLSTM,hp_stable_regularized,UNISIM,Prod-4,7,completed,,2025-06-19 07:52:49.895309,2025-06-19 08:21:12.252405,,,,,,
c765bb72-ef63-4c9d-b13f-42a1ccaf2894,Model6_Transformer_Conv_BiLSTM,hp_stable_regularized,UNISIM,Prod-5,7,completed,,2025-06-19 07:52:51.933887,2025-06-19 08:21:12.267204,,,,,,
4d230c3c-737b-4c47-9cb2-f2d98d01f54f,Model6_Transformer_Conv_BiLSTM,hp_stable_regularized,UNISIM,Prod-6,7,completed,,2025-06-19 07:53:46.042453,2025-06-19 08:23:34.567856,,,,,,
487f9daa-ff24-471e-844c-593ec5d678ae,Model6_Transformer_Conv_BiLSTM,hp_stable_regularized,UNISIM,Prod-7,7,completed,,2025-06-19 07:54:14.120215,2025-06-19 08:18:19.992629,,,,,,
eb559373-ef78-4597-a42d-48f32320ccdc,Model6_Transformer_Conv_BiLSTM,hp_stable_regularized,UNISIM,Prod-8,7,completed,,2025-06-19 07:54:34.182231,2025-06-19 08:23:54.664184,,,,,,
80a20092-ae6b-4495-9609-b26fa3e43007,Model6_Transformer_Conv_BiLSTM,hp_stable_regularized,UNISIM,Prod-9,7,completed,,2025-06-19 07:55:42.290186,2025-06-19 08:26:34.987118,,,,,,
b7c1c4ee-101c-493e-8032-fc9d546aed85,Model6_Transformer_Conv_BiLSTM,hp_stable_regularized,UNISIM,Prod-10,7,completed,,2025-06-19 07:56:38.391225,2025-06-19 08:30:39.411612,,,,,,
3814aecd-5110-46b5-b0b5-893674b9b75e,Model6_Transformer_Conv_BiLSTM,hp_stable_regularized,OPSD,solar,7,completed,,2025-06-19 07:59:06.582154,2025-06-19 08:36:26.016018,,,,,,
d5d1e444-0985-478b-9493-302b0424d5fe,Model6_Transformer_Conv_BiLSTM,hp_stable_regularized,OPSD,wind,7,completed,,2025-06-19 08:01:30.760225,2025-06-19 08:45:39.155695,,,,,,
1f6e3bf8-80e2-4456-bab2-d9e1868975f1,Model6_Transformer_Conv_BiLSTM,hp_stable_regularized,OPSD,load,7,completed,,2025-06-19 08:05:49.062262,2025-06-19 09:03:25.184592,,,,,,
a868fa40-6a92-4be3-a113-cfc95ad8e390,Model6_Transformer_Conv_BiLSTM,hp_wide_and_shallow,VOLVE,15/9-F-14,7,completed,,2025-06-19 08:08:25.260300,2025-06-19 09:00:10.755202,,,,,,
a287a0c8-ec7e-4ae3-af2c-7f1bb1667ee6,Model6_Transformer_Conv_BiLSTM,hp_wide_and_shallow,VOLVE,15/9-F-12,7,completed,,2025-06-19 08:08:57.337458,2025-06-19 09:06:59.604377,,,,,,
da17ef84-11f2-490f-a13c-b298b099b4f8,Model6_Transformer_Conv_BiLSTM,hp_wide_and_shallow,VOLVE,15/9-F-11,7,completed,,2025-06-19 08:18:22.011721,2025-06-19 08:40:36.600731,,,,,,
b9487c89-455f-4ae2-9a73-6fe41b789dd0,Model6_Transformer_Conv_BiLSTM,hp_wide_and_shallow,VOLVE,15/9-F-15 D,7,completed,,2025-06-19 08:21:14.289797,2025-06-19 08:36:54.174269,,,,,,
183fcb2f-cfaa-4938-a34e-7d2f876f0671,Model6_Transformer_Conv_BiLSTM,hp_wide_and_shallow,UNISIM_IV,P16,7,completed,,2025-06-19 08:21:16.353698,2025-06-19 09:07:37.764696,,,,,,
f8c27c37-9655-444e-a5a4-6a8bf8327224,Model6_Transformer_Conv_BiLSTM,hp_wide_and_shallow,UNISIM,Prod-1,7,completed,,2025-06-19 08:23:36.585376,2025-06-19 09:52:32.288221,,,,,,
fd835941-3944-420e-ba68-ec659418ed39,Model6_Transformer_Conv_BiLSTM,hp_wide_and_shallow,UNISIM,Prod-2,7,completed,,2025-06-19 08:23:56.693118,2025-06-19 10:06:07.807991,,,,,,
cadeae85-58c4-4c3c-b379-a4371907d693,Model6_Transformer_Conv_BiLSTM,hp_wide_and_shallow,UNISIM,Prod-3,7,completed,,2025-06-19 08:26:37.009565,2025-06-19 10:00:59.287441,,,,,,
d78824cc-3f02-4ca3-8bf3-facfc335101f,Model6_Transformer_Conv_BiLSTM,hp_wide_and_shallow,UNISIM,Prod-4,7,completed,,2025-06-19 08:30:41.447075,2025-06-19 10:43:25.235331,,,,,,
ad45e569-9dd1-4b15-91a4-fc7a773494e7,Model6_Transformer_Conv_BiLSTM,hp_wide_and_shallow,UNISIM,Prod-5,7,completed,,2025-06-19 08:36:28.063975,2025-06-19 10:47:23.599973,,,,,,
5cac430b-2756-482c-b6a9-9629fd48232f,Model6_Transformer_Conv_BiLSTM,hp_wide_and_shallow,UNISIM,Prod-6,7,completed,,2025-06-19 08:36:56.195849,2025-06-19 10:47:03.560550,,,,,,
6420d273-df4c-4f4c-b562-558e61f3a9d5,Model6_Transformer_Conv_BiLSTM,hp_wide_and_shallow,UNISIM,Prod-7,7,completed,,2025-06-19 08:40:38.623636,2025-06-19 10:39:38.899627,,,,,,
7426d1c7-7427-4728-8bc2-dcd11dbbe539,Model6_Transformer_Conv_BiLSTM,hp_wide_and_shallow,UNISIM,Prod-8,7,completed,,2025-06-19 08:45:41.198270,2025-06-19 10:51:19.888038,,,,,,
f693f6a2-5643-46f7-aa3e-863b53e36056,Model6_Transformer_Conv_BiLSTM,hp_wide_and_shallow,UNISIM,Prod-9,7,completed,,2025-06-19 09:00:12.786008,2025-06-19 10:57:10.301169,,,,,,
6772dd5e-f44a-456e-9eeb-b965072eade3,Model6_Transformer_Conv_BiLSTM,hp_wide_and_shallow,UNISIM,Prod-10,7,completed,,2025-06-19 09:03:27.211506,2025-06-19 10:58:28.423040,,,,,,
0a08d03a-636f-42f8-b21b-5539a4a85d42,Model6_Transformer_Conv_BiLSTM,hp_wide_and_shallow,OPSD,solar,7,completed,,2025-06-19 09:07:01.638476,2025-06-19 10:58:00.376244,,,,,,
bfeb6b8e-c629-4afb-86a5-842122d24f14,Model6_Transformer_Conv_BiLSTM,hp_wide_and_shallow,OPSD,wind,7,completed,,2025-06-19 09:07:39.789494,2025-06-19 10:58:42.447224,,,,,,
f16361f5-60b4-46ed-9be6-d6f68dfebbc0,Model6_Transformer_Conv_BiLSTM,hp_wide_and_shallow,OPSD,load,7,completed,,2025-06-19 09:52:34.336282,2025-06-19 11:04:38.810466,,,,,,
